customer_id,time_spent,pages_viewed,basket_value,purchase,device_type_Desktop,device_type_Mobile,device_type_Tablet,device_type_Unknown,customer_type_New,customer_type_Returning
1001,0.0938382519953575,0.1111111111111111,0.0591142146596211,0,0,0,0,1,0,1
1002,0.4907147384699379,0.1111111111111111,0.2894314970032721,1,1,0,0,0,0,1
1003,0.8589762568376256,0.8888888888888888,0.0176671411501129,1,0,0,1,0,0,1
1004,0.7024352186964824,0.3333333333333332,0.4707960463435911,1,0,0,1,0,0,1
1005,0.7851284891959939,0.7222222222222221,0.3337894008045977,1,0,0,1,0,0,1
1006,0.6207372783409225,0.8888888888888888,0.0,1,0,0,1,0,0,1
1007,0.6579958384576649,0.9444444444444444,0.0548918043241245,1,1,0,0,0,0,1
1008,0.8325560363787147,0.5,0.3591573136806513,1,0,0,0,1,0,1
1009,0.1656284755634642,0.9444444444444444,0.5317975683565892,0,0,0,1,0,0,1
1010,0.4323393153185754,0.5,0.0996431592391267,1,1,0,0,0,0,1
1011,0.133970547975111,0.0,0.4289522264750102,1,0,1,0,0,0,1
1012,0.9865956908277296,0.9444444444444444,0.1966054077238967,1,1,0,0,0,0,1
1013,0.9380844617955963,0.0,0.4353499545953992,1,1,0,0,0,0,1
1014,0.5110202630157923,0.6666666666666666,0.4108705201735709,1,0,0,1,0,0,1
1015,0.6727894986035113,0.5,0.3185692334118257,1,1,0,0,0,1,0
1016,0.9171586723808228,0.5555555555555555,0.0,1,0,1,0,0,0,1
1017,0.0887682969653285,0.4444444444444444,0.0,1,0,0,1,0,1,0
1018,0.5196869642912458,0.4444444444444444,0.3791928191777374,1,0,0,1,0,1,0
1019,0.9063014145106691,0.5,0.363178472951089,1,1,0,0,0,1,0
1020,0.5110202630157923,0.0,0.3256286303955261,1,0,1,0,0,1,0
1021,0.6637178050030572,0.8888888888888888,0.1377600827908185,1,0,1,0,0,1,0
1022,0.2186698530923083,0.0555555555555555,0.4807702766281924,1,1,0,0,0,1,0
1023,0.9162107533315652,0.6666666666666666,0.4484541296757153,1,0,1,0,0,1,0
1024,0.968118630185816,0.4444444444444444,0.1033784715018518,1,0,1,0,0,0,1
1025,0.9383148993135902,0.5,0.5212185142170316,0,1,0,0,0,0,1
1026,0.4154185502650317,0.2222222222222222,0.3144374776628562,0,0,1,0,0,0,1
1027,0.8468473173461196,0.5555555555555555,0.313994675512894,1,0,0,0,1,1,0
1028,0.8273874436739521,1.0,0.0,1,0,1,0,0,1,0
1029,0.2428666557815481,0.1111111111111111,0.2777781169566585,0,0,1,0,0,1,0
1030,0.8099959268981959,0.611111111111111,0.0,1,1,0,0,0,0,1
1031,0.5110202630157923,1.0,0.4720474412711544,1,0,1,0,0,0,1
1032,0.5511959173551175,1.0,0.468335761552984,1,0,1,0,0,0,1
1033,0.1437591864600687,0.6666666666666666,0.3236861073026432,0,1,0,0,0,0,1
1034,0.0220135844687271,0.3333333333333332,0.44688608327823,0,0,0,1,0,0,1
1035,0.5110202630157923,0.7777777777777777,0.1455362899068031,1,1,0,0,0,0,1
1036,0.6624591094486628,0.3333333333333332,0.3934296824593559,1,0,1,0,0,0,1
1037,0.2659766498935004,0.3888888888888888,0.2645779466937099,1,0,1,0,0,1,0
1038,0.6941386498455783,0.2222222222222222,0.0,0,0,0,1,0,1,0
1039,0.5110202630157923,0.5,0.0140867204057323,0,0,1,0,0,0,1
1040,0.2386281784601998,0.1666666666666666,0.1754939397522368,1,1,0,0,0,0,1
1041,0.4880341859497622,0.5,0.3640045005923902,1,0,1,0,0,0,1
1042,0.7675099731627013,0.7777777777777777,0.1756511276659734,1,0,1,0,0,0,1
1043,0.2424795660556637,0.9444444444444444,0.1880589543962439,1,0,0,1,0,1,0
1044,0.5841475145318905,0.6666666666666666,0.4248706909076529,1,1,0,0,0,0,1
1045,0.8734732389678149,0.3888888888888888,0.1943718149272924,1,1,0,0,0,0,1
1046,0.5729919402836077,0.4444444444444444,0.5241056633016351,1,0,1,0,0,1,0
1047,0.1470415396124952,0.8333333333333333,0.4951360493963782,1,0,1,0,0,0,1
1048,0.5110202630157923,1.0,0.2952411229666049,0,0,0,0,1,1,0
1049,0.8558092345507644,0.8333333333333333,0.4231572622025951,1,1,0,0,0,1,0
1050,0.5110202630157923,0.3333333333333332,0.3993391412377041,0,0,1,0,0,0,1
1051,0.8609294878081344,0.7222222222222221,0.2484608370626009,1,0,1,0,0,0,1
1052,0.4762935111548499,0.7222222222222221,0.4420712525804677,1,0,1,0,0,1,0
1053,0.9325316518243576,0.1666666666666666,0.4678208259669411,1,0,0,1,0,1,0
1054,0.776476170991737,0.7777777777777777,0.0,1,1,0,0,0,0,1
1055,0.998015926086557,0.1111111111111111,0.3182630370869891,1,0,0,1,0,1,0
1056,0.2780317988899111,0.2222222222222222,0.3163318608171801,1,0,1,0,0,0,1
1057,0.7413292664442345,0.0,0.4399704062644466,1,0,0,1,0,0,1
1058,0.3350090352474738,0.5,0.2138069531819738,0,0,1,0,0,1,0
1059,0.4217164185462528,0.5,0.186897327614647,1,1,0,0,0,0,1
1060,0.585943059696711,0.3888888888888888,0.3209646346239906,1,0,0,1,0,0,1
1061,0.8597897466999405,0.1666666666666666,0.4979748093232635,1,0,1,0,0,0,1
1062,0.9826081720771768,0.0555555555555555,0.0817051649738836,0,0,1,0,0,1,0
1063,0.7425363829697375,0.5,0.1122287433792817,1,0,1,0,0,1,0
1064,0.3526251991046851,0.1666666666666666,0.2004053703515596,1,0,1,0,0,0,1
1065,0.3566190378704317,0.1111111111111111,0.2315158951763972,1,1,0,0,0,0,1
1066,0.7083949236096664,0.0555555555555555,0.0,0,1,0,0,0,1,0
1067,0.1535132431054738,0.5,0.5533733149853819,1,0,0,0,1,1,0
1068,0.0107861651420727,0.6666666666666666,0.2686312010947204,1,1,0,0,0,0,1
1069,0.2823817484040578,0.2222222222222222,0.2424391649540113,1,1,0,0,0,1,0
1070,0.2074232521974978,0.4444444444444444,0.0,0,0,1,0,0,1,0
1071,0.2175119478967899,0.2777777777777778,0.4169207515314356,1,0,1,0,0,0,1
1072,0.1477626962334948,0.2222222222222222,0.1977971514444241,0,0,0,1,0,1,0
1073,0.5110202630157923,0.5,0.3201967296528872,1,0,1,0,0,0,1
1074,0.5110202630157923,0.3888888888888888,0.0,1,1,0,0,0,0,1
1075,0.9866561862548244,0.3333333333333332,0.5446580604626303,1,0,1,0,0,0,1
1076,0.3637564817493618,0.3333333333333332,0.2621412197380671,0,1,0,0,0,1,0
1077,0.3154256671976672,0.2777777777777778,0.0392723572299653,1,1,0,0,0,0,1
1078,0.6439467512725737,0.1111111111111111,0.0,1,0,1,0,0,1,0
1079,0.1306827256140591,1.0,0.5493458510233145,1,0,1,0,0,1,0
1080,0.9446498014374446,0.7777777777777777,0.1535266106036518,1,1,0,0,0,0,1
1081,0.7626396236162013,0.1666666666666666,0.0,1,0,1,0,0,0,1
1082,0.5110202630157923,0.611111111111111,0.0,0,0,1,0,0,1,0
1083,0.3524182815681497,0.2777777777777778,0.2185634720507772,0,1,0,0,0,1,0
1084,0.8658426482970774,1.0,0.2459811022374934,1,0,1,0,0,0,1
1085,0.9388327685238654,0.1666666666666666,0.5682674163560499,1,0,0,1,0,0,1
1086,0.4078399489189274,0.7777777777777777,0.0382225829327941,1,0,0,0,1,1,0
1087,0.570264505898171,0.4444444444444444,0.2238438379185403,1,0,1,0,0,0,1
1088,0.0737045508003539,0.5,0.0,1,1,0,0,0,0,1
1089,0.990489854418148,0.6666666666666666,0.0670584229236059,1,1,0,0,0,0,1
1090,0.1456089925679799,0.9444444444444444,0.0,1,0,1,0,0,0,1
1091,0.9366076490650282,0.2222222222222222,0.0,1,0,1,0,0,1,0
1092,0.6105733952641538,0.8333333333333333,0.0,1,0,1,0,0,0,1
1093,0.5639519640122403,1.0,0.2034386534629911,1,0,1,0,0,0,1
1094,0.4582181902868734,0.7222222222222221,0.0,1,0,1,0,0,0,1
1095,0.1444944687606621,0.8333333333333333,0.0,0,0,1,0,0,0,1
1096,0.0842659780130104,0.7777777777777777,0.7720133305204316,1,0,1,0,0,0,1
1097,0.1331660081689067,0.1666666666666666,0.3169243743493271,0,1,0,0,0,1,0
1098,0.0952903330931505,0.3333333333333332,0.0,1,0,0,0,1,1,0
1099,0.7551190512573864,0.5,0.3714115472810931,1,1,0,0,0,1,0
1100,0.2773793009489373,0.3888888888888888,0.0,1,1,0,0,0,0,1
1101,0.5110202630157923,0.8888888888888888,0.1309295070309008,1,0,0,0,1,0,1
1102,0.9659431615913504,0.8333333333333333,0.1785480037341774,1,1,0,0,0,0,1
1103,0.8710349626949395,0.5,0.1607367707599384,1,1,0,0,0,1,0
1104,0.9199441382555577,0.5,0.1985066909879418,1,0,1,0,0,0,1
1105,0.9946494177640612,0.0555555555555555,0.2613126250599167,1,0,0,1,0,0,1
1106,0.0813372133046614,0.4444444444444444,0.0,1,0,1,0,0,0,1
1107,0.3286805853143383,0.8888888888888888,0.0753300567574594,0,0,0,0,1,1,0
1108,0.7313732999798414,0.5,0.0,1,1,0,0,0,1,0
1109,0.6621608048652439,0.5,0.2594768972018522,1,0,1,0,0,0,1
1110,0.0590895102556148,0.8888888888888888,0.2151387055203937,1,0,1,0,0,0,1
1111,0.7954428377767846,0.1666666666666666,0.3059608418395482,0,1,0,0,0,1,0
1112,0.1375649271287174,0.8333333333333333,0.0256138150582232,1,1,0,0,0,0,1
1113,0.1368719362267641,0.7777777777777777,0.337435991833039,1,1,0,0,0,1,0
1114,0.4852343657164648,0.2222222222222222,0.2187324790362398,1,0,0,1,0,0,1
1115,0.5474916157824886,0.2777777777777778,0.3332897152082234,1,0,1,0,0,0,1
1116,0.533192850909202,0.8888888888888888,0.3612934862171539,1,0,1,0,0,1,0
1117,0.5110202630157923,0.0,0.4891959945273237,1,1,0,0,0,0,1
1118,0.8639988705847588,0.5,0.3094166822101791,1,0,1,0,0,1,0
1119,0.1833516156443685,0.1666666666666666,0.4779300379094273,0,1,0,0,0,1,0
1120,0.0319675733571318,0.8888888888888888,0.2351289652372566,1,0,1,0,0,0,1
1121,0.8765550159984224,0.4444444444444444,0.2434754975558936,1,0,1,0,0,1,0
1122,0.9509798305343314,0.0555555555555555,0.2755164827651076,1,1,0,0,0,1,0
1123,0.8469418356756497,0.5,0.0,1,1,0,0,0,1,0
1124,0.788415613967286,0.7777777777777777,0.4017378302842895,1,1,0,0,0,1,0
1125,0.6167977636188987,0.3333333333333332,0.3150323922030819,1,0,1,0,0,1,0
1126,0.5006780580459492,0.2777777777777778,0.0767467541911813,0,0,1,0,0,1,0
1127,0.5110202630157923,0.0,0.3986080483722986,0,0,1,0,0,0,1
1128,0.3422645827166469,0.7777777777777777,0.1407993544587396,1,0,1,0,0,1,0
1129,0.3024791586487046,0.3333333333333332,0.1312713437138569,0,0,1,0,0,0,1
1130,0.176848110446999,0.8888888888888888,0.0923520818018414,1,0,1,0,0,1,0
1131,0.6926405984387278,0.0555555555555555,0.2768732178405691,0,1,0,0,0,1,0
1132,0.4395152934595039,0.4444444444444444,0.5032841158835887,1,0,1,0,0,1,0
1133,0.5110202630157923,0.4444444444444444,0.0,1,1,0,0,0,0,1
1134,0.1328289364722924,0.6666666666666666,0.0,1,0,0,1,0,0,1
1135,0.6479642410768205,0.2777777777777778,0.4504947065707249,1,0,1,0,0,0,1
1136,0.5110202630157923,0.2777777777777778,0.0353308172910965,0,0,1,0,0,1,0
1137,0.8347934084141249,0.1111111111111111,0.2244872911593338,1,0,1,0,0,0,1
1138,0.438704106582805,0.8888888888888888,0.0,1,1,0,0,0,1,0
1139,0.4225073025676795,0.8888888888888888,0.4076820674006218,1,0,1,0,0,1,0
1140,0.5468996403709956,0.5,0.1186357055594832,1,0,1,0,0,0,1
1141,0.8052853680499729,0.8333333333333333,0.0079638858416866,1,1,0,0,0,1,0
1142,0.274802875258858,0.7777777777777777,0.0,1,0,1,0,0,0,1
1143,0.6421322467123923,0.6666666666666666,0.4958827134998316,1,1,0,0,0,1,0
1144,0.5172248785406649,0.0,0.2577539018438139,1,1,0,0,0,0,1
1145,0.1849404070008371,0.8888888888888888,0.3610827507079441,1,1,0,0,0,0,1
1146,0.8652994291887586,0.1111111111111111,0.3678646643199239,1,0,1,0,0,0,1
1147,0.7749663764981248,0.7777777777777777,0.0269951428009889,1,0,0,1,0,1,0
1148,0.620368474890978,0.1666666666666666,0.1341604222809076,1,1,0,0,0,1,0
1149,0.8340979391028202,0.1666666666666666,0.2925454508242758,1,0,1,0,0,0,1
1150,0.8526892555034805,0.9444444444444444,0.0,1,0,1,0,0,1,0
1151,0.6758907124963491,0.8888888888888888,0.5894375648805937,1,0,1,0,0,0,1
1152,0.8190041556659848,1.0,0.0766441084097676,0,0,0,1,0,0,1
1153,0.6637747547896151,0.5555555555555555,0.1324318681024019,1,0,0,1,0,1,0
1154,0.6444957192207597,0.1111111111111111,0.3422166003485534,0,1,0,0,0,0,1
1155,0.5760490865179534,0.3888888888888888,0.1816285983254451,1,0,0,1,0,0,1
1156,0.7252306896145365,0.7222222222222221,0.0,1,0,1,0,0,1,0
1157,0.0643281253711538,0.0,0.6296924961969499,0,0,1,0,0,1,0
1158,0.8677921135298696,0.5,0.1035738462637163,1,0,0,1,0,0,1
1159,0.8577500253499932,0.0555555555555555,0.3894867901633143,1,1,0,0,0,1,0
1160,0.5110202630157923,0.1666666666666666,0.0722608550608104,1,0,1,0,0,0,1
1161,0.8065488395321048,1.0,0.1405143027881701,0,1,0,0,0,1,0
1162,0.0312500015005139,0.5,0.0,0,0,0,1,0,0,1
1163,0.2606858504577323,0.0,0.1618181825531125,0,1,0,0,0,1,0
1164,0.7149870842272235,0.8888888888888888,0.1787630871426677,1,0,0,1,0,0,1
1165,0.0667251613709772,0.5,0.0,1,1,0,0,0,0,1
1166,0.7978166334775724,1.0,0.2262718606517368,1,0,1,0,0,1,0
1167,0.8135764828661289,0.0,0.0393667259021638,1,0,0,1,0,1,0
1168,0.4524104843653099,0.2222222222222222,0.0,0,0,1,0,0,0,1
1169,0.5110202630157923,0.8333333333333333,0.5444237293987902,1,0,0,1,0,0,1
1170,0.2071998128661994,0.2777777777777778,0.5236831060334269,1,0,1,0,0,1,0
1171,0.5741752568360734,0.3888888888888888,0.3710916676053279,1,1,0,0,0,0,1
1172,0.9793851624999936,0.6666666666666666,0.4073575105488598,1,0,1,0,0,1,0
1173,0.5907354433604012,0.8333333333333333,0.0,1,0,1,0,0,1,0
1174,0.1769035060484946,0.1111111111111111,0.0,1,0,1,0,0,0,1
1175,0.5931740676101113,0.5,0.4040512210863948,1,0,0,1,0,0,1
1176,0.488583819430137,0.611111111111111,0.0178492343132773,1,0,0,1,0,1,0
1177,0.7554093060904347,0.8333333333333333,0.0968727232906935,1,0,1,0,0,0,1
1178,0.006899948509739,0.5555555555555555,0.0,1,0,0,1,0,1,0
1179,0.7344763188865651,0.5,0.1502346340959194,1,0,0,1,0,0,1
1180,0.4900090529583608,0.1666666666666666,0.1169235936192952,1,1,0,0,0,1,0
1181,0.9591455683014224,0.611111111111111,0.1371180088783064,1,0,1,0,0,0,1
1182,0.2681983810430216,0.0555555555555555,0.0425051249951312,1,0,0,1,0,0,1
1183,0.5916346873725865,1.0,0.0,0,1,0,0,0,1,0
1184,0.9247006557932984,0.2222222222222222,0.3507652001194565,1,0,0,1,0,0,1
1185,0.0019264102668599,0.3888888888888888,0.6055008440815454,1,0,0,1,0,0,1
1186,0.9304856732855086,0.3333333333333332,0.4307668235572056,1,0,0,1,0,1,0
1187,0.6531113702844935,0.7222222222222221,0.402646417632583,1,1,0,0,0,0,1
1188,0.5110202630157923,0.1111111111111111,0.007541816276686,0,0,1,0,0,1,0
1189,0.2226907676066169,0.9444444444444444,0.3122741168269057,1,0,1,0,0,0,1
1190,0.6756783644648645,0.8333333333333333,0.2797073135049291,1,0,1,0,0,1,0
1191,0.5110202630157923,1.0,0.3422510172064378,1,0,1,0,0,1,0
1192,0.5355114184433688,1.0,0.2283493082005155,1,1,0,0,0,1,0
1193,0.2726601831412141,0.9444444444444444,0.5820278423707046,1,1,0,0,0,0,1
1194,0.5786122613608219,0.8333333333333333,0.3006429457802776,1,0,0,1,0,0,1
1195,0.5110202630157923,0.3888888888888888,0.3176816142267235,0,0,1,0,0,1,0
1196,0.8574088215935671,0.0,0.0,0,1,0,0,0,1,0
1197,0.9708226203288562,0.8888888888888888,0.2727630447154663,1,0,1,0,0,1,0
1198,0.965693117164406,0.611111111111111,0.0,1,0,1,0,0,0,1
1199,0.7218213308883731,0.5555555555555555,0.3885570973859554,1,0,1,0,0,0,1
1200,0.0326031208423315,0.2222222222222222,0.0,1,1,0,0,0,1,0
1201,0.7314007992945382,0.611111111111111,0.2127899043601493,1,0,1,0,0,1,0
1202,0.5110202630157923,0.8888888888888888,0.5942362843525002,1,1,0,0,0,0,1
1203,0.5110202630157923,0.2777777777777778,0.2650757966253614,0,0,1,0,0,1,0
1204,0.2478833949991089,0.0,0.3477893429823626,0,0,0,1,0,1,0
1205,0.4314696538018968,0.2222222222222222,0.5744975361562045,1,0,0,1,0,1,0
1206,0.7449102952688176,0.7222222222222221,0.2643810474294386,1,0,0,1,0,0,1
1207,0.6480049701135439,0.2222222222222222,0.4297260651849595,0,0,0,1,0,0,1
1208,0.3839242118066989,0.0,0.3633473988721587,0,0,0,1,0,0,1
1209,0.1922806060358115,0.9444444444444444,0.4007219195875979,1,0,0,1,0,1,0
1210,0.9971152979343836,0.8333333333333333,0.3577207157942471,0,1,0,0,0,0,1
1211,0.3619856938426388,0.4444444444444444,0.1956625932291844,0,0,1,0,0,1,0
1212,0.3900250861193014,1.0,0.2131181873738664,1,0,1,0,0,0,1
1213,0.0699110538539288,0.2222222222222222,0.1419933036770878,1,0,1,0,0,0,1
1214,0.7720557553087818,0.0555555555555555,0.0047135034029131,0,1,0,0,0,0,1
1215,0.659559526553276,0.7777777777777777,0.5090201481790855,1,1,0,0,0,1,0
1216,0.1334812726159449,0.3333333333333332,0.2931781912531138,1,0,0,1,0,1,0
1217,0.5110202630157923,0.1666666666666666,0.5002130457362942,1,0,0,1,0,0,1
1218,0.644894556123409,0.5,0.565119221837546,1,0,1,0,0,0,1
1219,0.615984843263148,0.6666666666666666,0.3007551927251687,0,1,0,0,0,1,0
1220,0.1918721923291642,0.3333333333333332,0.0,1,0,0,1,0,0,1
1221,0.945653626642165,0.7777777777777777,0.2571118695261978,1,0,1,0,0,0,1
1222,0.0559324412690732,0.7222222222222221,0.1740663270256519,0,1,0,0,0,0,1
1223,0.3688309794595961,1.0,0.0,1,0,1,0,0,0,1
1224,0.9375911922994656,0.5,0.203688337886244,1,1,0,0,0,1,0
1225,0.3548061405182795,0.5,0.278906975113093,0,0,1,0,0,1,0
1226,0.5982024857628849,0.4444444444444444,0.0,1,0,0,1,0,1,0
1227,0.3301850011304342,0.3888888888888888,0.156511216965197,1,1,0,0,0,0,1
1228,0.1929353063292745,0.5,0.0680391841922134,1,0,1,0,0,1,0
1229,0.98249045423384,0.8888888888888888,0.3256720078600387,1,0,1,0,0,0,1
1230,0.3432443962368069,0.0555555555555555,0.6182552752255794,0,0,1,0,0,1,0
1231,0.8825077222560017,0.2777777777777778,0.514981449985445,1,0,0,0,1,1,0
1232,0.1436988582775315,0.2222222222222222,0.4057012769940088,1,1,0,0,0,0,1
1233,0.1249546617618456,0.4444444444444444,0.4095098808200489,1,0,0,0,1,1,0
1234,0.5110202630157923,0.5,0.2682226568838144,1,0,1,0,0,1,0
1235,0.61282068331545,0.9444444444444444,0.0,1,1,0,0,0,0,1
1236,0.2978490667542003,0.4444444444444444,0.0,0,1,0,0,0,1,0
1237,0.8494232397608095,0.8888888888888888,0.1219378465755369,0,1,0,0,0,1,0
1238,0.4143013340632213,0.8888888888888888,0.3184637832847578,1,0,1,0,0,1,0
1239,0.9649317453033596,0.611111111111111,0.0,1,1,0,0,0,0,1
1240,0.0942749741434277,0.3333333333333332,0.6364641158547241,1,1,0,0,0,0,1
1241,0.8541676272311257,0.1111111111111111,0.3027141235866066,1,0,0,1,0,0,1
1242,0.7517955570693192,0.5,0.0,1,0,0,1,0,1,0
1243,0.7454825548456661,0.0555555555555555,0.3023740453747899,1,1,0,0,0,1,0
1244,0.8276475607753822,0.1111111111111111,0.3071264640633518,1,1,0,0,0,0,1
1245,0.7344719675834116,0.8333333333333333,0.4101104441002933,1,0,1,0,0,0,1
1246,0.5845134403049825,0.0555555555555555,0.2880588683872672,1,0,0,0,1,1,0
1247,0.0338920143998885,0.5,0.3030458548096365,0,0,1,0,0,1,0
1248,0.5110202630157923,0.2777777777777778,0.1808999286041166,1,0,1,0,0,0,1
1249,0.9122634944979336,0.5555555555555555,0.2368794073678433,1,0,1,0,0,0,1
1250,0.5738675567048545,0.3333333333333332,0.3811534295606351,1,0,0,1,0,1,0
1251,0.7739777332570664,0.7777777777777777,0.0,1,0,1,0,0,1,0
1252,0.4235482780804358,0.2777777777777778,0.2359375681696124,1,0,1,0,0,1,0
1253,0.0183885394109591,0.4444444444444444,0.4116938947376816,1,0,1,0,0,1,0
1254,0.0271517562166314,0.611111111111111,0.0,1,0,1,0,0,0,1
1255,0.6505300679520301,1.0,0.2217664182625106,1,0,1,0,0,0,1
1256,0.3665739802342407,0.1111111111111111,0.4986760517692594,1,0,0,1,0,0,1
1257,0.1109604219726108,0.7777777777777777,0.0,1,0,0,1,0,1,0
1258,0.4347528066418471,0.0555555555555555,0.2240314212420705,1,0,0,0,1,1,0
1259,0.5110202630157923,0.0555555555555555,0.193812924872915,0,0,0,1,0,1,0
1260,0.5352899817128575,0.1111111111111111,0.2595796332570612,1,1,0,0,0,1,0
1261,0.1871264650057128,0.2777777777777778,0.2770859962303141,1,0,1,0,0,0,1
1262,0.7751144164994939,0.7777777777777777,0.4821445726422362,1,1,0,0,0,1,0
1263,0.2331457428073466,0.5,0.1561300297085174,1,0,0,1,0,1,0
1264,0.3942891372808069,0.5,0.0,1,0,0,0,1,1,0
1265,0.5110202630157923,0.0,0.1514034431470168,1,0,1,0,0,0,1
1266,0.5110202630157923,0.5,0.0703316139075699,1,0,0,1,0,1,0
1267,0.3245107142839333,0.2777777777777778,0.3829971758519106,0,1,0,0,0,0,1
1268,0.4217867396314048,0.4444444444444444,0.506577596633461,1,0,1,0,0,1,0
1269,0.5553682436573787,0.1666666666666666,0.3226529463383735,1,1,0,0,0,0,1
1270,0.2123441464392983,0.0555555555555555,0.3674893157958145,0,1,0,0,0,1,0
1271,0.661005296926603,0.1666666666666666,0.633122337962983,1,0,0,1,0,1,0
1272,0.8447111853451461,0.5,0.0,1,1,0,0,0,0,1
1273,0.7554155286906613,1.0,0.2968224753693968,1,0,1,0,0,1,0
1274,0.5110202630157923,0.5,0.2160295419973019,1,0,0,0,1,0,1
1275,0.4224187203509776,0.7777777777777777,0.4828852682273562,1,1,0,0,0,1,0
1276,0.0046189718515058,1.0,0.4364147526189402,1,0,1,0,0,0,1
1277,0.1571484927182609,0.8333333333333333,0.3646029563666194,1,1,0,0,0,0,1
1278,0.9854772456629214,0.1666666666666666,0.2342371394765482,1,0,0,1,0,0,1
1279,0.0464074985538333,0.0555555555555555,0.2780585330306463,1,0,1,0,0,1,0
1280,0.4428663730332745,0.6666666666666666,0.2656215279341549,1,1,0,0,0,0,1
1281,0.5755422183583829,0.0,0.2371474859499605,1,0,1,0,0,1,0
1282,0.6693296424320947,0.8888888888888888,0.1863049731114672,1,0,1,0,0,0,1
1283,0.5104577052820184,0.6666666666666666,0.3377849404784939,1,0,1,0,0,0,1
1284,0.5110202630157923,0.1666666666666666,0.1784075352557819,1,0,1,0,0,1,0
1285,0.2510550083826821,0.3333333333333332,0.3224297846458623,1,0,0,1,0,0,1
1286,0.4638060317462866,0.5,0.0,1,0,1,0,0,0,1
1287,0.5110202630157923,0.4444444444444444,0.1865277252892906,0,1,0,0,0,0,1
1288,0.2779373718163466,0.1666666666666666,0.0,0,0,1,0,0,1,0
1289,0.5110202630157923,1.0,0.0,1,0,0,1,0,0,1
1290,0.5110202630157923,0.0,0.3949436979032037,0,1,0,0,0,1,0
1291,0.3294384307184586,0.5,0.1485138521563421,1,1,0,0,0,1,0
1292,0.0355282491847542,0.1666666666666666,0.4270606297368179,1,0,1,0,0,0,1
1293,0.5192371206546726,0.4444444444444444,0.0,0,0,1,0,0,1,0
1294,0.6548681587384942,0.6666666666666666,0.0,1,0,1,0,0,0,1
1295,0.7784823827451779,0.7222222222222221,0.300918501386468,0,0,0,1,0,1,0
1296,0.1105438395619897,0.5,0.0,1,0,1,0,0,1,0
1297,0.0742036234089106,0.2777777777777778,0.4613844137809844,1,1,0,0,0,1,0
1298,0.0042158991035813,0.5,0.5193193784781773,1,1,0,0,0,0,1
1299,0.5958711856924375,0.2777777777777778,0.2284640044092302,1,0,1,0,0,0,1
1300,0.6737912943850909,0.8888888888888888,0.0,1,1,0,0,0,1,0
1301,0.5110202630157923,0.5,0.4276070373192188,1,1,0,0,0,1,0
1302,0.9293551847504954,0.9444444444444444,0.0,1,1,0,0,0,1,0
1303,0.5110202630157923,0.9444444444444444,0.0976391583957235,1,0,1,0,0,0,1
1304,0.4900421548737509,0.1111111111111111,0.570139045080306,1,0,1,0,0,1,0
1305,0.6766666741739559,0.7777777777777777,0.2227831202719091,1,0,0,0,1,0,1
1306,0.856777319364852,0.7777777777777777,0.1849085174580712,1,0,0,1,0,0,1
1307,0.6822581647250837,0.1666666666666666,0.5779565139807717,1,1,0,0,0,0,1
1308,0.7797520830336138,0.5,0.3980834296489873,1,0,1,0,0,0,1
1309,0.265504125164051,1.0,0.3364266146487413,0,0,0,1,0,0,1
1310,0.7943215041927797,0.8888888888888888,0.1216785495205128,1,0,0,0,1,1,0
1311,0.5110202630157923,0.5555555555555555,0.4317847733420297,1,0,0,1,0,0,1
1312,0.8833058318553587,0.4444444444444444,0.7978689111872475,1,0,0,1,0,0,1
1313,0.4970460073561955,0.5,0.44537118010605,1,0,0,1,0,1,0
1314,0.7970721406295178,0.5,0.3781558284632338,1,0,0,1,0,0,1
1315,0.3910610401635226,0.6666666666666666,0.4174976314581939,1,0,1,0,0,1,0
1316,0.603822159352007,0.3888888888888888,0.2340445174417975,1,0,1,0,0,1,0
1317,0.473474108284669,0.3333333333333332,0.2323772618058251,1,0,0,0,1,1,0
1318,0.7017284252663067,0.5,0.2301401102664835,1,0,1,0,0,0,1
1319,0.5110202630157923,0.7777777777777777,0.0,1,0,1,0,0,0,1
1320,0.5110202630157923,0.7777777777777777,0.2297905201716144,1,1,0,0,0,0,1
1321,0.1627753643601353,0.0,0.2289753165091186,1,0,1,0,0,1,0
1322,0.0653733287918902,0.5,0.2486323233274999,1,0,0,1,0,0,1
1323,0.8576833232620734,0.2222222222222222,0.2437376806204069,0,0,0,1,0,1,0
1324,0.1317507611263217,0.5555555555555555,0.3339056017932136,1,0,0,1,0,0,1
1325,0.9734660531597702,0.8333333333333333,0.0,1,1,0,0,0,1,0
1326,0.2626625543094957,0.0555555555555555,0.3206783704623253,1,0,0,1,0,1,0
1327,0.090484285934967,0.3888888888888888,0.0,1,0,0,1,0,1,0
1328,0.7663701217038056,0.5555555555555555,0.3048321072167313,1,1,0,0,0,0,1
1329,0.6206531890385996,0.9444444444444444,0.6779875291679104,1,0,1,0,0,0,1
1330,0.4420960910890514,0.1111111111111111,0.3530826476828163,0,0,0,1,0,0,1
1331,0.5056908308373915,0.0,0.2132122492987227,0,0,0,1,0,0,1
1332,0.6879480305744524,0.5555555555555555,0.5273886297821327,1,0,1,0,0,0,1
1333,0.142030376390863,0.8333333333333333,0.0,1,0,1,0,0,0,1
1334,0.9962358350230512,0.9444444444444444,0.0,1,1,0,0,0,0,1
1335,0.9722734328918584,0.8333333333333333,0.2907152475955513,1,0,1,0,0,1,0
1336,0.6113287711539803,0.5,0.2478470184027836,1,0,0,1,0,1,0
1337,0.1098677170871917,0.9444444444444444,0.572318583782306,1,0,0,0,1,0,1
1338,0.6445930234934759,0.2777777777777778,0.1344764519438856,1,0,1,0,0,0,1
1339,0.5110202630157923,1.0,0.2332507925180357,0,1,0,0,0,1,0
1340,0.5110202630157923,0.1666666666666666,0.0,1,0,1,0,0,0,1
1341,0.1745444016289029,0.6666666666666666,0.3603771767139055,1,1,0,0,0,0,1
1342,0.4025241811762409,0.7222222222222221,0.261436119120552,1,0,1,0,0,1,0
1343,0.8537775426034379,0.1111111111111111,0.0,1,1,0,0,0,0,1
1344,0.6968110185401825,0.5,0.3529176228232207,1,0,1,0,0,0,1
1345,0.7140952167118825,0.2777777777777778,0.2862919144160365,1,0,1,0,0,0,1
1346,0.3612203835449669,0.0,0.1571609251125635,1,0,1,0,0,1,0
1347,0.2727179574231031,0.7222222222222221,0.0,1,0,1,0,0,0,1
1348,0.3006439364649863,0.3888888888888888,0.1490054641535411,1,1,0,0,0,0,1
1349,0.9865751730319692,1.0,0.1178677217156095,1,0,1,0,0,0,1
1350,0.5110202630157923,0.7222222222222221,0.4547301706933419,1,1,0,0,0,0,1
1351,0.8523970169411351,0.5,0.4311884155331398,1,0,0,1,0,1,0
1352,0.5316234471889032,0.8888888888888888,0.4550170450109315,1,0,0,0,1,0,1
1353,0.3758176753895388,0.4444444444444444,0.2922019355316061,1,0,0,1,0,1,0
1354,0.6946847252961507,0.2777777777777778,0.2489917643331236,0,0,0,1,0,0,1
1355,0.4292734563910393,0.5555555555555555,0.2521821798362222,1,0,1,0,0,0,1
1356,0.8595073294114264,0.5,0.469953900820705,1,0,1,0,0,0,1
1357,0.8898526649017132,0.8888888888888888,0.0,1,1,0,0,0,0,1
1358,0.357023875489415,0.0,0.2014577530178138,1,0,0,1,0,0,1
1359,0.1958416135799427,0.2222222222222222,0.1362635948120883,0,0,0,1,0,1,0
1360,0.5468357249960814,0.4444444444444444,0.5291903288471946,1,0,1,0,0,0,1
1361,0.902825150119405,0.9444444444444444,0.2079321674834988,1,0,1,0,0,1,0
1362,0.1222375550462965,0.0555555555555555,0.0053639916721722,0,0,1,0,0,0,1
1363,0.5808939114649392,0.5555555555555555,0.3304806197570367,1,1,0,0,0,1,0
1364,0.5904536592406614,0.2777777777777778,0.2267010535942579,1,1,0,0,0,0,1
1365,0.7034232004637505,0.3888888888888888,0.1940366836836225,1,0,1,0,0,0,1
1366,0.0342511124071962,0.1666666666666666,0.1760091892124641,0,0,1,0,0,0,1
1367,0.6841915898524566,0.9444444444444444,0.1691108980842632,1,1,0,0,0,1,0
1368,0.899119868157627,0.5555555555555555,0.4153063381234455,1,1,0,0,0,0,1
1369,0.08777575398945,0.2222222222222222,0.3305442166313082,1,0,1,0,0,0,1
1370,0.1521407140215087,0.7777777777777777,0.2568010560278321,1,0,0,1,0,0,1
1371,0.9684933481861424,0.9444444444444444,0.0993890965849859,0,1,0,0,0,0,1
1372,0.0892150539554873,0.0555555555555555,0.2618843451067042,0,0,0,1,0,0,1
1373,0.8383288840640784,0.5555555555555555,0.3369857439246643,1,0,0,1,0,0,1
1374,0.4355129351887907,0.6666666666666666,0.3436346596876425,1,0,1,0,0,1,0
1375,0.1629175767877604,0.1666666666666666,0.3195456855582435,1,0,1,0,0,0,1
1376,0.8565334515276382,0.3333333333333332,0.1301006811432707,1,1,0,0,0,0,1
1377,0.3832595939321598,0.5555555555555555,0.0,0,0,1,0,0,0,1
1378,0.4605863613440717,0.1666666666666666,0.6060769428182912,1,0,0,1,0,1,0
1379,0.2875113604381982,0.7777777777777777,0.0624263436301981,1,1,0,0,0,0,1
1380,0.5475037596377054,0.0,0.0,0,0,0,1,0,0,1
1381,0.0697998688547907,0.1111111111111111,0.3142357329705522,0,0,1,0,0,1,0
1382,0.3229399528646203,0.7222222222222221,0.0,1,0,1,0,0,0,1
1383,0.9662876699094876,0.5,0.1506968436251162,1,1,0,0,0,1,0
1384,0.1750455967635633,0.9444444444444444,0.0,1,0,1,0,0,1,0
1385,0.6184604824297137,0.5,0.6013679953221485,1,1,0,0,0,0,1
1386,0.2496408489468239,0.2777777777777778,0.359171290539908,0,0,0,1,0,0,1
1387,0.7483206552458092,0.2777777777777778,0.2146285830914386,1,0,1,0,0,1,0
1388,0.0334790645928681,0.8333333333333333,0.2824245297714146,1,1,0,0,0,0,1
1389,0.96674234195927,0.5,0.0,0,0,1,0,0,0,1
1390,0.3926976982300368,0.8888888888888888,0.2126015855642924,1,0,1,0,0,0,1
1391,0.1504800224044128,0.5,0.0,0,0,0,1,0,0,1
1392,0.5110202630157923,0.9444444444444444,0.3182245744457427,1,0,0,0,1,0,1
1393,0.0767347419028133,0.3333333333333332,0.63100533037637,1,1,0,0,0,0,1
1394,0.4661001847754075,0.1111111111111111,0.0,1,0,0,1,0,1,0
1395,0.2627820113359627,0.6666666666666666,0.2201331233920636,1,1,0,0,0,0,1
1396,0.8099602089639771,0.7777777777777777,0.0,1,0,1,0,0,1,0
1397,0.3672209966920952,1.0,0.0,1,0,1,0,0,1,0
1398,0.1645675186368097,0.1111111111111111,0.1402402733025155,1,0,0,1,0,1,0
1399,0.574417840665781,0.1666666666666666,0.0301300624764485,0,0,1,0,0,0,1
1400,0.6741266788474369,0.2222222222222222,0.4510685278118761,1,1,0,0,0,1,0
1401,0.0737134076893348,0.5,0.3361149684437837,0,1,0,0,0,0,1
1402,0.074355618068305,0.1666666666666666,0.4305698467505625,1,1,0,0,0,1,0
1403,0.5110202630157923,0.611111111111111,0.1984559921222563,0,0,1,0,0,0,1
1404,0.7070819472663876,0.5,0.2790504801269309,1,0,1,0,0,0,1
1405,0.6263229267086561,0.6666666666666666,0.570236699931501,1,0,1,0,0,0,1
1406,0.4158820508817811,0.7222222222222221,0.2909395696965365,1,1,0,0,0,1,0
1407,0.8269658919528353,0.2222222222222222,0.4326856818294016,1,1,0,0,0,1,0
1408,0.7841373271200064,0.1666666666666666,0.1834535046809544,1,1,0,0,0,1,0
1409,0.5390532625959564,0.7222222222222221,0.4166101929663177,1,1,0,0,0,1,0
1410,0.8537761800035214,0.5,0.1954371285653824,1,0,1,0,0,0,1
1411,0.1168745934154431,0.8888888888888888,0.0,0,0,0,1,0,1,0
1412,0.0123941776834082,0.5,0.2900893321567767,0,1,0,0,0,0,1
1413,0.1879676861749668,0.5,0.2091831046497675,1,0,1,0,0,1,0
1414,0.5110202630157923,0.8333333333333333,0.0,1,0,1,0,0,0,1
1415,0.4787768746591883,0.0,0.0,1,0,0,1,0,0,1
1416,0.9297928626765748,0.8888888888888888,0.1351828773507528,1,0,0,1,0,1,0
1417,0.5110202630157923,0.4444444444444444,0.8321607871875261,0,0,1,0,0,0,1
1418,0.0237300825619437,0.2777777777777778,0.0353587633968058,0,1,0,0,0,1,0
1419,0.3909283769397362,1.0,0.0793363393915853,1,0,1,0,0,1,0
1420,0.9267552008040506,0.5,0.4434554357593669,0,0,1,0,0,0,1
1421,0.2395912766226181,0.1111111111111111,0.2681564351623891,1,1,0,0,0,0,1
1422,0.452151373459737,0.3333333333333332,0.4398974665239392,1,1,0,0,0,0,1
1423,0.5110202630157923,0.4444444444444444,0.3579262329319637,1,1,0,0,0,0,1
1424,0.0529125602874638,0.5,0.1895993068218869,1,0,1,0,0,0,1
1425,0.9854411249872916,0.5,0.050282107533717,1,0,1,0,0,0,1
1426,0.961511347278042,0.8888888888888888,0.4786931232819196,1,0,1,0,0,0,1
1427,0.5110202630157923,0.611111111111111,0.0661308173896874,1,0,1,0,0,0,1
1428,0.9467084506781486,0.8333333333333333,0.3891394066681637,1,0,1,0,0,1,0
1429,0.598863253298212,0.1111111111111111,0.4521013137588183,1,0,1,0,0,1,0
1430,0.8533835107240723,0.4444444444444444,0.2692237275619355,1,0,1,0,0,0,1
1431,0.3937548484258916,0.7777777777777777,0.2382352656448288,1,0,1,0,0,0,1
1432,0.4614525759231954,0.2222222222222222,0.0,1,1,0,0,0,1,0
1433,0.4316959090875518,0.6666666666666666,0.3723253483784247,1,0,1,0,0,0,1
1434,0.6297266366793179,0.7222222222222221,0.0,1,0,1,0,0,1,0
1435,0.0432434506938016,0.7777777777777777,0.416559311120395,1,0,0,0,1,0,1
1436,0.5110202630157923,0.8333333333333333,0.3123055260146193,1,0,1,0,0,1,0
1437,0.2304403139466766,0.6666666666666666,0.2524560652700984,1,1,0,0,0,0,1
1438,0.6717945377546451,0.8888888888888888,0.3337815319472807,1,0,1,0,0,0,1
1439,0.1124385249689891,0.3888888888888888,0.0,0,0,1,0,0,1,0
1440,0.6370332179595355,0.0555555555555555,0.0,0,0,1,0,0,0,1
1441,0.9668435734785468,0.2222222222222222,0.3733451301885846,1,0,1,0,0,0,1
1442,0.5110202630157923,0.2777777777777778,0.5216121278445681,1,1,0,0,0,1,0
1443,0.6361095574228635,0.611111111111111,0.0,0,0,0,1,0,1,0
1444,0.3815297384739036,0.9444444444444444,0.1073899822899838,1,0,1,0,0,1,0
1445,0.8536326485299583,0.0,0.0,1,0,1,0,0,0,1
1446,0.0849576344848595,0.8888888888888888,0.3541667506908185,1,1,0,0,0,1,0
1447,0.6583845049268733,0.5555555555555555,0.8095120877348563,1,0,1,0,0,1,0
1448,0.8202300013137783,0.5,0.4794929509972741,1,0,0,1,0,0,1
1449,0.9387017221132236,1.0,0.4374884238389405,1,0,1,0,0,1,0
1450,0.6479522988183068,0.5,0.0,1,0,0,1,0,0,1
1451,0.4409603614326397,0.5,0.3831770230005628,1,0,1,0,0,1,0
1452,0.5751990428077366,0.7777777777777777,0.55288695041092,1,0,1,0,0,0,1
1453,0.854481126047469,1.0,0.2626716134480216,1,0,0,1,0,0,1
1454,0.5226510298113966,0.1666666666666666,0.2709203288014089,1,1,0,0,0,0,1
1455,0.5110202630157923,0.0555555555555555,0.3161307325837706,0,1,0,0,0,0,1
1456,0.9234998966803448,0.4444444444444444,0.1752281863389425,1,1,0,0,0,0,1
1457,0.6549368862585117,0.5,0.3384432260994084,0,1,0,0,0,1,0
1458,0.6404605363309535,0.5555555555555555,0.334073506123724,1,0,1,0,0,0,1
1459,0.1278140843159489,0.7222222222222221,0.5501895095087473,1,1,0,0,0,0,1
1460,0.6208508605145995,0.3333333333333332,0.258300092248403,1,0,1,0,0,0,1
1461,0.3260356767372678,0.7777777777777777,0.4093908832557569,1,0,0,1,0,0,1
1462,0.6123380610128079,1.0,0.2635153448991947,0,0,0,1,0,1,0
1463,0.0064687643812816,0.7777777777777777,0.0,1,0,1,0,0,0,1
1464,0.6196937576943261,0.3888888888888888,0.2476926934522665,1,0,1,0,0,1,0
1465,0.999661882187468,0.5555555555555555,0.391686438249371,1,0,1,0,0,0,1
1466,0.5110202630157923,0.4444444444444444,0.4187465843945894,1,0,1,0,0,0,1
1467,0.974922133520988,0.7777777777777777,0.1049113114186571,1,0,0,1,0,0,1
1468,0.3405456104695471,0.0,0.4841645612598292,0,0,1,0,0,0,1
1469,0.8565373995842861,0.0,0.2623067694576393,1,0,1,0,0,0,1
1470,0.7582349561162439,1.0,0.2092716566310104,1,0,0,1,0,1,0
1471,0.5186535583853865,0.5,0.1672709026971888,0,0,0,1,0,0,1
1472,0.7093592905071627,0.5,0.3435552484364144,1,0,0,0,1,0,1
1473,0.8651721402756248,0.3888888888888888,0.0,0,1,0,0,0,0,1
1474,0.3374668287021776,0.7777777777777777,0.3562505020215966,1,1,0,0,0,1,0
1475,0.2516911504254876,0.5,0.0,1,0,0,1,0,1,0
1476,0.6305377345096455,0.0,0.3978256806843228,1,1,0,0,0,1,0
1477,0.7865577220132316,0.9444444444444444,0.7768460170034684,1,1,0,0,0,0,1
1478,0.735874891353523,0.0555555555555555,0.2983552620905434,1,0,0,0,1,0,1
1479,0.7753975814652873,1.0,0.1629756860950974,1,0,1,0,0,1,0
1480,0.3724446966776088,0.6666666666666666,0.0,0,1,0,0,0,0,1
1481,0.797668895038397,0.0,0.0824151078505451,0,0,0,1,0,0,1
1482,0.0216155261586399,0.0555555555555555,0.5074148129972497,0,0,0,1,0,0,1
1483,0.4935938533464635,0.8333333333333333,0.4172933570345944,1,0,0,1,0,1,0
1484,0.5110202630157923,0.7777777777777777,0.0553713265018172,0,1,0,0,0,0,1
1485,0.2489686855711196,0.6666666666666666,0.7222805604604187,1,1,0,0,0,1,0
1486,0.2955521285759361,0.8333333333333333,0.348549673480559,0,0,0,1,0,0,1
1487,0.3286034641286016,0.8888888888888888,0.371901164978229,0,1,0,0,0,1,0
1488,0.6615451780537638,0.5,0.6838159823225662,1,0,1,0,0,0,1
1489,0.3201328285822343,0.5,0.5955574885914972,1,0,1,0,0,0,1
1490,0.3870288876075304,0.3333333333333332,0.4279963905650047,0,0,0,1,0,1,0
1491,0.15214161057828,0.6666666666666666,0.4364025179717473,1,0,1,0,0,1,0
1492,0.303105757556983,0.2222222222222222,0.4527633517709777,1,0,0,1,0,1,0
1493,0.1407120297818731,0.8888888888888888,0.2492823034313043,0,0,1,0,0,0,1
1494,0.5110202630157923,0.1111111111111111,0.3415606780301612,1,1,0,0,0,0,1
1495,0.5591816756030347,0.3333333333333332,0.3918346241218063,1,1,0,0,0,1,0
1496,0.6312267829639385,0.8888888888888888,0.2692473688499894,1,1,0,0,0,1,0
1497,0.5770268693680127,0.3333333333333332,0.12261244552134,1,0,1,0,0,0,1
1498,0.4034931973276879,0.0,0.2448825279855503,1,0,0,1,0,1,0
1499,0.3103743082218081,0.8888888888888888,0.1186760502033402,1,1,0,0,0,0,1
1500,0.8482834521868154,0.8888888888888888,0.302670680521328,0,0,1,0,0,1,0
1501,0.4653302071657532,0.5555555555555555,0.0,1,1,0,0,0,0,1
1502,0.420944684139755,0.1111111111111111,0.0,0,0,1,0,0,1,0
1503,0.5110202630157923,0.7777777777777777,0.0061882898314545,1,0,1,0,0,1,0
1504,0.2675038534434063,0.5,0.2208682855194475,1,0,1,0,0,0,1
1505,0.3108302215822198,0.8333333333333333,0.3795568206766889,1,0,0,1,0,0,1
1506,0.3315514809649463,0.4444444444444444,0.4297464965759944,1,1,0,0,0,1,0
1507,0.533288698708797,0.0,0.4089766067442226,1,1,0,0,0,1,0
1508,0.4814834174916794,0.8333333333333333,0.3473203857219101,1,0,1,0,0,1,0
1509,0.5641391822648603,0.4444444444444444,0.0957112436240597,0,0,1,0,0,0,1
1510,0.7387651039525465,0.5,0.4628736974407435,1,0,0,1,0,0,1
1511,0.7922753434904567,0.611111111111111,0.0,1,1,0,0,0,1,0
1512,0.6867480590085306,0.5,0.482800808056516,1,0,0,1,0,0,1
1513,0.9508376605102326,0.4444444444444444,0.4011688153891843,1,0,0,0,1,0,1
1514,0.5110202630157923,0.3333333333333332,0.5290179220500282,0,0,1,0,0,0,1
1515,0.1056800442508088,0.7222222222222221,0.0,1,0,0,1,0,0,1
1516,0.5110202630157923,1.0,0.1482550130123491,1,1,0,0,0,1,0
1517,0.6081572878148588,1.0,0.0653960422054136,0,0,1,0,0,1,0
1518,0.8868810360541403,0.0555555555555555,0.084817091220781,0,0,1,0,0,1,0
1519,0.1587473549764145,0.5,0.0,1,0,0,1,0,0,1
1520,0.9191457104841118,0.6666666666666666,0.4561235707441539,1,0,1,0,0,0,1
1521,0.5110202630157923,0.7777777777777777,0.4780521040950335,1,1,0,0,0,0,1
1522,0.9273792796995992,0.1111111111111111,0.3882291358916761,0,0,1,0,0,1,0
1523,0.2790450724347201,0.5555555555555555,0.2856380191375288,1,0,1,0,0,0,1
1524,0.0007150947854208,0.7222222222222221,0.6517721290750479,1,0,0,1,0,1,0
1525,0.42838665356846,0.3888888888888888,0.2742540179195062,1,0,1,0,0,1,0
1526,0.1735361907121665,0.9444444444444444,0.0,1,1,0,0,0,0,1
1527,0.204791162674588,1.0,0.2830483985998634,1,0,0,1,0,1,0
1528,0.2297283900157354,0.8333333333333333,0.0,0,0,1,0,0,1,0
1529,0.781195800341268,0.0555555555555555,0.4017405252001764,1,0,1,0,0,0,1
1530,0.4876670693229233,0.3888888888888888,0.1806488572825579,1,1,0,0,0,1,0
1531,0.2341978047665454,0.2777777777777778,0.1689197797206511,1,0,1,0,0,1,0
1532,0.566840910304426,0.611111111111111,0.0,1,0,1,0,0,1,0
1533,0.6845539162145956,0.7777777777777777,0.2044088103772591,1,0,1,0,0,0,1
1534,0.1911652191200209,0.3888888888888888,0.3147544080235511,1,1,0,0,0,0,1
1535,0.3479333596255943,0.1666666666666666,0.2317342733851852,1,1,0,0,0,1,0
1536,0.0234810995878093,0.7777777777777777,0.0,1,1,0,0,0,0,1
1537,0.0894068319252197,0.8888888888888888,0.0,1,0,1,0,0,1,0
1538,0.6455826466700819,0.6666666666666666,0.1794088162408612,1,1,0,0,0,0,1
1539,0.0897283197513527,0.9444444444444444,0.14808575651535,1,0,0,1,0,1,0
1540,0.4720955093555311,0.5,0.4388707176494804,1,1,0,0,0,0,1
1541,0.6766508135673664,0.6666666666666666,0.0,0,1,0,0,0,0,1
1542,0.0067845728783639,0.6666666666666666,0.4520229929887339,1,1,0,0,0,0,1
1543,0.5189827892019634,0.7777777777777777,0.47070312782084,1,0,0,1,0,0,1
1544,0.173298372729687,0.5,0.2109995798511431,1,0,0,1,0,0,1
1545,0.959073117809526,0.1111111111111111,0.4455595486449239,1,0,1,0,0,0,1
1546,0.425799035579077,1.0,0.0,1,0,0,0,1,1,0
1547,0.7844959683449736,0.1111111111111111,0.0,0,0,1,0,0,1,0
1548,0.499976310784603,0.7222222222222221,0.0,1,0,1,0,0,1,0
1549,0.5110202630157923,0.3888888888888888,0.3882411196232104,0,0,1,0,0,1,0
1550,0.5922236951521074,0.1666666666666666,0.0,1,0,0,1,0,0,1
1551,0.9462540895799064,0.5555555555555555,0.3768802725549314,0,0,1,0,0,0,1
1552,0.5571384091943481,0.5555555555555555,0.070106455009147,0,1,0,0,0,0,1
1553,0.7991758295904035,0.5555555555555555,0.3346576495453254,1,1,0,0,0,1,0
1554,0.87150282321787,0.0555555555555555,0.0292129363120788,0,0,1,0,0,1,0
1555,0.1416132523122581,0.8888888888888888,0.1192937889896383,1,0,0,1,0,0,1
1556,0.1237756459168711,0.4444444444444444,0.3936389278534769,0,0,0,1,0,1,0
1557,0.5675608757929879,0.0555555555555555,0.0,1,0,1,0,0,1,0
1558,0.3451293541985173,0.7777777777777777,0.6065827986250597,1,0,1,0,0,0,1
1559,0.8221723043104887,0.8333333333333333,0.4373255079672674,1,0,1,0,0,0,1
1560,0.889097619113372,0.1666666666666666,0.0,1,1,0,0,0,0,1
1561,0.2810459765212697,0.3888888888888888,0.7107905546201477,1,0,1,0,0,0,1
1562,0.1513923145788997,0.4444444444444444,0.7589798952180982,1,1,0,0,0,0,1
1563,0.7561658864416768,0.5,0.2598563863791436,1,0,0,1,0,0,1
1564,0.193592562002741,0.8333333333333333,0.1294193994194703,1,0,1,0,0,0,1
1565,0.802986384618657,0.6666666666666666,0.5862638827382085,1,0,0,1,0,1,0
1566,0.3592679935746966,0.3333333333333332,0.0,0,0,1,0,0,0,1
1567,0.6304893594367976,0.8888888888888888,0.3195728089960867,1,0,0,1,0,1,0
1568,0.5110202630157923,0.1111111111111111,0.5042572273527852,0,0,1,0,0,1,0
1569,0.5818870160535872,0.2222222222222222,0.2645738496599562,1,1,0,0,0,0,1
1570,0.3904485343433023,1.0,0.2492670708202898,1,0,0,0,1,0,1
1571,0.5404483492941096,0.611111111111111,0.0689380563835479,0,0,0,1,0,0,1
1572,0.0747950151367501,0.3333333333333332,0.0,0,1,0,0,0,0,1
1573,0.7076067098208535,0.4444444444444444,0.2458198162980031,1,0,1,0,0,0,1
1574,0.8476865578174109,0.2777777777777778,0.07485351463936,1,1,0,0,0,0,1
1575,0.1289984215149045,0.8888888888888888,0.0906996303175626,1,0,0,0,1,0,1
1576,0.5110202630157923,0.8333333333333333,0.0,0,1,0,0,0,1,0
1577,0.5110202630157923,0.1111111111111111,0.0,1,0,0,1,0,1,0
1578,0.6020353934505216,0.1666666666666666,0.1376943172667777,1,0,1,0,0,0,1
1579,0.5632369451848772,0.5,0.6314257342519369,1,0,1,0,0,1,0
1580,0.496050430603235,0.2222222222222222,0.2310103058334398,1,0,1,0,0,0,1
1581,0.14591534764512,0.5,0.0,1,1,0,0,0,0,1
1582,0.3227446775288757,0.611111111111111,0.2302274735785978,1,0,1,0,0,0,1
1583,0.5492007408689449,0.5,0.2329889448855116,0,0,0,0,1,0,1
1584,0.4405065988921659,0.6666666666666666,0.3919305071393443,1,0,1,0,0,0,1
1585,0.9867264139695738,0.5555555555555555,0.3796905940105557,1,0,1,0,0,1,0
1586,0.0396709059503253,0.8333333333333333,0.0,1,0,0,1,0,1,0
1587,0.6611862522522322,0.3888888888888888,0.2540259089940151,1,0,1,0,0,1,0
1588,0.3376653364094637,0.3888888888888888,0.5209524126538505,1,1,0,0,0,0,1
1589,0.3642309086804225,0.3888888888888888,0.0273397421305085,1,1,0,0,0,1,0
1590,0.6861636921319384,0.6666666666666666,0.2813470287132517,1,1,0,0,0,0,1
1591,0.6581733662846194,0.0555555555555555,0.3150629314352678,1,0,1,0,0,0,1
1592,0.990587043993758,0.611111111111111,0.1556128818718991,1,1,0,0,0,1,0
1593,0.030720958190733,0.5,0.0,1,0,0,1,0,1,0
1594,0.0037061975467893,0.611111111111111,0.1320093701174099,1,0,1,0,0,0,1
1595,0.6936625840834436,0.5555555555555555,0.4028236421896305,1,0,1,0,0,0,1
1596,0.5313025229100005,0.7777777777777777,0.0574309426075609,1,0,1,0,0,0,1
1597,0.1928746395341955,0.8333333333333333,0.4771632952248705,1,0,1,0,0,0,1
1598,0.5110202630157923,0.8888888888888888,0.2785978514882494,1,0,0,0,1,0,1
1599,0.5110202630157923,0.0555555555555555,0.2130768691270217,0,1,0,0,0,0,1
1600,0.8826096990491598,0.9444444444444444,0.1157447936402121,1,0,1,0,0,0,1
1601,0.1013297401236145,0.611111111111111,0.4716247979792003,1,1,0,0,0,1,0
1602,0.2476179077350818,1.0,0.1774376754883743,1,1,0,0,0,1,0
1603,0.1400298649433124,0.9444444444444444,0.0,0,0,1,0,0,0,1
1604,0.282797958971744,0.8888888888888888,0.4752626252881969,0,1,0,0,0,1,0
1605,0.5110202630157923,0.2777777777777778,0.0,0,0,1,0,0,1,0
1606,0.4653057403092611,0.7777777777777777,0.2748950442968679,1,0,0,1,0,1,0
1607,0.5110202630157923,0.1111111111111111,0.4345823098080638,0,0,1,0,0,0,1
1608,0.7782263129621717,0.2777777777777778,0.3190339406255271,1,1,0,0,0,1,0
1609,0.1478787561469498,0.1111111111111111,0.5940530562057602,1,0,0,1,0,1,0
1610,0.4886133374161424,0.0,0.1454248595710366,1,0,1,0,0,0,1
1611,0.8669114408193315,0.6666666666666666,0.0,1,0,1,0,0,0,1
1612,0.611942474962475,0.7222222222222221,0.2681291133046311,1,1,0,0,0,0,1
1613,0.4807661722796907,0.6666666666666666,0.4000375757200934,1,0,1,0,0,0,1
1614,0.248688269884982,0.1666666666666666,0.5167298082233055,1,0,0,1,0,0,1
1615,0.2583309191235203,0.3333333333333332,0.304286975041662,1,0,0,1,0,0,1
1616,0.6326441824658079,0.5,0.2673447943570918,1,0,1,0,0,1,0
1617,0.9937945645972898,0.3333333333333332,0.0321153762161925,1,0,1,0,0,0,1
1618,0.624136642318455,0.7777777777777777,0.3110649451027686,1,0,1,0,0,0,1
1619,0.508382742773212,0.7777777777777777,0.1777108114954834,1,0,1,0,0,0,1
1620,0.700683848477197,0.1666666666666666,0.3995482356446013,1,1,0,0,0,0,1
1621,0.4053971832531412,0.2777777777777778,0.0,1,1,0,0,0,0,1
1622,0.5110202630157923,0.2222222222222222,0.2493398423136535,1,0,1,0,0,0,1
1623,0.5134035452240614,0.611111111111111,0.0360886218694231,0,0,1,0,0,1,0
1624,0.9531755132228438,0.0,0.0,0,0,1,0,0,0,1
1625,0.0829031617016027,0.3888888888888888,0.0,1,0,1,0,0,0,1
1626,0.655468779336597,0.0,0.3140903103594638,1,0,0,1,0,0,1
1627,0.1114153601308649,0.5,0.362112894255813,1,0,1,0,0,0,1
1628,0.4839587090109404,0.2777777777777778,0.1319012255228437,1,0,0,1,0,1,0
1629,0.5110202630157923,0.1111111111111111,0.4444997221977542,0,1,0,0,0,1,0
1630,0.3888947676972288,0.7777777777777777,0.0,1,1,0,0,0,1,0
1631,0.7290648616344304,0.2222222222222222,0.1511115077722574,0,0,1,0,0,0,1
1632,0.2745384707936438,0.7222222222222221,0.1061616045053481,1,1,0,0,0,0,1
1633,0.6275545965303494,0.9444444444444444,0.1633333754118022,1,1,0,0,0,1,0
1634,0.7727681635602053,0.8333333333333333,0.2864699972810081,1,1,0,0,0,1,0
1635,0.9193050923510194,0.2777777777777778,0.3206337051906793,1,0,1,0,0,0,1
1636,0.1489133082688357,0.7222222222222221,0.0,1,0,0,0,1,1,0
1637,0.3321000549436214,0.3888888888888888,0.5184970048824292,1,1,0,0,0,0,1
1638,0.057443245154982,0.5,0.1664056201578628,0,0,1,0,0,1,0
1639,0.9919525510400548,0.3888888888888888,0.0,1,0,1,0,0,0,1
1640,0.9191083588429944,0.6666666666666666,0.0,1,0,0,0,1,1,0
1641,0.488552394145239,0.2777777777777778,0.0,1,0,1,0,0,0,1
1642,0.8245884748028747,0.9444444444444444,0.4130642800201469,1,0,1,0,0,0,1
1643,0.4674173240151413,0.0555555555555555,0.3085439836052774,0,0,1,0,0,1,0
1644,0.5815826166791194,0.3888888888888888,0.2323095407644491,1,1,0,0,0,0,1
1645,0.5110202630157923,0.5555555555555555,0.2226028214026049,1,0,1,0,0,0,1
1646,0.7280715709539309,0.0,0.4505271515145888,0,1,0,0,0,0,1
1647,0.0299636150228151,0.2777777777777778,0.0,1,0,1,0,0,0,1
1648,0.8068279235414164,0.8333333333333333,0.2483372917451155,1,0,1,0,0,1,0
1649,0.7578373806180698,0.611111111111111,0.3948854491083841,1,1,0,0,0,0,1
1650,0.6763153472520176,0.5555555555555555,0.4423747554782014,1,0,1,0,0,0,1
1651,0.5110202630157923,0.5,0.3500816573669265,0,0,0,1,0,0,1
1652,0.2250989258692463,0.1111111111111111,0.2554898163467662,1,0,1,0,0,0,1
1653,0.1805844970538833,0.6666666666666666,0.3580620301261198,1,0,1,0,0,1,0
1654,0.2885159195871297,0.1111111111111111,0.1097318123974003,0,0,1,0,0,0,1
1655,0.5110202630157923,0.5,0.0,1,0,1,0,0,0,1
1656,0.930184580549426,0.8333333333333333,0.0,1,0,0,1,0,1,0
1657,0.5039539954589507,0.6666666666666666,0.223247533710563,0,0,0,1,0,0,1
1658,0.2277642378891371,0.8888888888888888,0.0,0,0,1,0,0,0,1
1659,0.329503219129191,0.1111111111111111,0.1117406349234649,1,1,0,0,0,1,0
1660,0.3853701755000438,0.5555555555555555,0.2064569129181062,1,1,0,0,0,1,0
1661,0.5560065348122181,1.0,0.447912002966354,1,0,0,0,1,0,1
1662,0.4615453509111659,0.5555555555555555,0.0,1,0,1,0,0,1,0
1663,0.9106439479957994,0.5,0.4557164050439148,1,0,0,1,0,1,0
1664,0.440725327748846,0.5,0.5087374996388769,1,0,0,1,0,1,0
1665,0.9915904718647396,0.2777777777777778,0.3489946063589446,1,0,0,1,0,1,0
1666,0.835035964953947,0.7222222222222221,0.3159453722510941,1,1,0,0,0,0,1
1667,0.1198439854714193,0.9444444444444444,0.1212880531702079,1,1,0,0,0,1,0
1668,0.9231066768969626,0.8888888888888888,0.6387829078876887,1,0,1,0,0,0,1
1669,0.0173408705780565,0.5,0.0,0,0,1,0,0,0,1
1670,0.7972411603462417,0.7777777777777777,0.3121757437743899,1,0,1,0,0,0,1
1671,0.3113059761896618,0.5555555555555555,0.4370293630191492,1,1,0,0,0,1,0
1672,0.8645700522009833,0.5,0.4394665103595089,1,1,0,0,0,0,1
1673,0.8535374649790163,0.1111111111111111,0.0894488869913338,0,0,0,1,0,0,1
1674,0.7844212696086341,0.8333333333333333,0.2179955245311712,1,0,0,1,0,1,0
1675,0.76673936691008,0.2222222222222222,0.151718657742844,1,0,0,1,0,0,1
1676,0.2268240507037298,0.5,0.0,0,0,0,1,0,0,1
1677,0.5110202630157923,1.0,0.3142027089978465,1,0,1,0,0,0,1
1678,0.336176260578281,0.1666666666666666,0.1659407757146362,1,1,0,0,0,0,1
1679,0.0809248004981474,1.0,0.5546474401086623,1,1,0,0,0,0,1
1680,0.6609710374261679,0.5555555555555555,0.3989779001370471,1,0,1,0,0,0,1
1681,0.2729012110895842,0.0555555555555555,0.2986542878042707,1,0,0,1,0,0,1
1682,0.973182324487884,0.5,0.2087640980173267,1,0,0,1,0,1,0
1683,0.6009236135066996,0.5555555555555555,0.3115431364513284,1,0,1,0,0,1,0
1684,0.802837592788129,0.8333333333333333,0.2466758828751276,1,0,1,0,0,0,1
1685,0.0353156861984014,1.0,0.0,1,1,0,0,0,0,1
1686,0.8468159818543495,0.5555555555555555,0.6239145269746416,1,1,0,0,0,1,0
1687,0.914387488751801,0.7222222222222221,0.1052435208417771,1,0,0,1,0,1,0
1688,0.4297106129728583,0.0555555555555555,0.2619283117456567,1,0,1,0,0,1,0
1689,0.5623012891402202,0.5,0.0,1,0,1,0,0,0,1
1690,0.7386833847433176,0.5,0.2214509209274391,0,0,1,0,0,0,1
1691,0.0823866475107658,1.0,0.5677715371079196,1,0,1,0,0,0,1
1692,0.446957774410941,0.611111111111111,0.4100431765829808,1,0,1,0,0,0,1
1693,0.3313737681221611,0.9444444444444444,0.165717839781848,1,0,0,1,0,0,1
1694,0.0507219696823583,0.1666666666666666,0.3270964256118795,1,0,1,0,0,0,1
1695,0.2967456318261104,0.8888888888888888,0.1682149790771435,1,0,1,0,0,1,0
1696,0.5110202630157923,0.5,0.1521201913528366,0,0,1,0,0,1,0
1697,0.5110202630157923,0.2777777777777778,0.2669017005834435,0,0,1,0,0,0,1
1698,0.0382542776250824,0.7222222222222221,0.5123827154562228,1,0,0,1,0,1,0
1699,0.9592825160121824,0.5555555555555555,0.4217555996726486,1,1,0,0,0,0,1
1700,0.4992009458930248,0.5555555555555555,0.2874675188683956,1,1,0,0,0,0,1
1701,0.9622938966961588,0.9444444444444444,0.4280049090338844,1,0,1,0,0,0,1
1702,0.3690123901733805,0.9444444444444444,0.3383829374759459,1,0,1,0,0,0,1
1703,0.2347633977035846,0.5555555555555555,0.0868604320100938,1,0,1,0,0,0,1
1704,0.450935556778927,0.611111111111111,0.2660380089870112,0,0,1,0,0,1,0
1705,0.3768147049693066,0.2222222222222222,0.2786233027193296,0,0,0,0,1,0,1
1706,0.0054360520922849,0.4444444444444444,0.4245960755176691,1,0,0,0,1,0,1
1707,0.6007614639657675,0.4444444444444444,0.1923683271114973,1,1,0,0,0,1,0
1708,0.1282179268909591,0.5,0.0,1,0,1,0,0,1,0
1709,0.5771354516135908,1.0,0.2834513482741604,1,1,0,0,0,0,1
1710,0.6111901701413909,0.0,0.1785632894101835,0,0,0,1,0,0,1
1711,0.0570081100574968,0.5,0.2348498923305171,0,0,0,0,1,0,1
1712,0.5110202630157923,0.1666666666666666,0.2772734715807946,1,1,0,0,0,0,1
1713,0.7564284967501937,0.0,0.2244402599737601,1,0,0,1,0,0,1
1714,0.3993843342452415,0.7777777777777777,0.4598268445835785,0,1,0,0,0,1,0
1715,0.5110202630157923,0.3888888888888888,0.5387034425172013,0,0,1,0,0,0,1
1716,0.9946032461710556,0.611111111111111,0.4422943740380332,1,0,1,0,0,0,1
1717,0.5110202630157923,0.9444444444444444,0.0,1,1,0,0,0,1,0
1718,0.6610646365393464,0.5,0.1791666660297634,1,1,0,0,0,0,1
1719,0.9821581486234088,0.8888888888888888,0.0,1,0,1,0,0,0,1
1720,0.1539615028276948,0.7222222222222221,0.0,1,0,1,0,0,1,0
1721,0.0461336490153049,0.7222222222222221,0.0,1,0,0,1,0,0,1
1722,0.0229236050971561,0.9444444444444444,0.2579438325021718,1,0,1,0,0,0,1
1723,0.2252622200555572,0.9444444444444444,0.2129124721947041,1,0,0,0,1,0,1
1724,0.0002979172480522,0.8333333333333333,0.0,1,0,1,0,0,1,0
1725,0.6578676620879694,0.0,0.0,0,0,0,1,0,0,1
1726,0.5110202630157923,0.5555555555555555,0.2109352312532934,1,0,1,0,0,1,0
1727,0.4545845950982402,0.5,0.3179764790398542,1,1,0,0,0,1,0
1728,0.9966395749041316,0.611111111111111,0.0,1,0,1,0,0,0,1
1729,0.7933705569076539,0.3888888888888888,0.3695541404243498,0,1,0,0,0,0,1
1730,0.5722758188669982,0.2777777777777778,0.359357077119501,0,0,0,1,0,0,1
1731,0.2285755383038129,0.1111111111111111,0.2202328997847738,1,0,1,0,0,0,1
1732,0.5819276323665684,0.6666666666666666,0.312417873932722,1,1,0,0,0,1,0
1733,0.4741847265780881,0.6666666666666666,0.1515371079580217,1,0,0,0,1,0,1
1734,0.3618767673499483,0.0555555555555555,0.2441660106948281,1,0,1,0,0,0,1
1735,0.033297423951952,0.2222222222222222,0.1068414115557193,1,0,0,1,0,0,1
1736,0.8741701344590879,0.8888888888888888,0.4777037136021226,1,0,1,0,0,0,1
1737,0.3882425688287355,0.2777777777777778,0.2435949567159346,0,1,0,0,0,0,1
1738,0.1043946700495261,0.0555555555555555,0.4774447645007221,1,0,1,0,0,1,0
1739,0.2969958472663531,0.1666666666666666,0.0,0,0,1,0,0,0,1
1740,0.3485792884033761,0.5555555555555555,0.1365579298426224,1,0,1,0,0,0,1
1741,0.808463478585087,0.3888888888888888,0.3353209602750883,1,1,0,0,0,1,0
1742,0.7039809221460704,0.611111111111111,0.4329937163022038,1,0,1,0,0,1,0
1743,0.7436838234588544,0.3888888888888888,0.2778502605731314,1,1,0,0,0,1,0
1744,0.5110202630157923,0.5,0.3043591602250151,0,0,1,0,0,0,1
1745,0.3508311031959488,0.5,0.1949933705048886,1,0,1,0,0,1,0
1746,0.4233500446696797,0.3888888888888888,0.2956296212502073,1,1,0,0,0,0,1
1747,0.5110202630157923,0.8888888888888888,0.3330114814273792,1,0,0,1,0,1,0
1748,0.1769142160896412,0.8333333333333333,0.1902097599558651,1,0,1,0,0,1,0
1749,0.7336552633664256,0.7222222222222221,0.1027012529284064,0,1,0,0,0,1,0
1750,0.0404161763986118,0.5555555555555555,0.5166156967498311,1,0,1,0,0,0,1
1751,0.4833829717989084,0.3333333333333332,0.3970451298623785,0,1,0,0,0,0,1
1752,0.1272875969494777,0.8333333333333333,0.1956576577882596,1,0,0,1,0,0,1
1753,0.5110202630157923,0.6666666666666666,0.0,1,0,0,1,0,0,1
1754,0.156210100199445,0.7777777777777777,0.0328870203625479,1,1,0,0,0,1,0
1755,0.9734755077329612,0.8333333333333333,0.0,1,0,1,0,0,1,0
1756,0.7795396425409201,0.4444444444444444,0.4809749054264862,1,0,0,1,0,0,1
1757,0.9553462482305778,0.1111111111111111,0.3315520073684779,1,1,0,0,0,0,1
1758,0.4305917901332172,1.0,0.2830744587843266,1,0,1,0,0,0,1
1759,0.009965293089197,0.2222222222222222,0.3320951000096682,0,0,1,0,0,0,1
1760,0.4974543916242713,0.5,0.8555014622108263,1,0,0,1,0,1,0
1761,0.3933515721157823,0.8888888888888888,0.4433757359649209,1,0,0,1,0,1,0
1762,0.8271735074094128,0.7777777777777777,0.1086208869542896,1,0,1,0,0,0,1
1763,0.5110202630157923,0.3888888888888888,0.0,0,1,0,0,0,0,1
1764,0.4310224008933295,0.7777777777777777,0.4757998394671159,1,0,0,1,0,1,0
1765,0.0548097551551396,0.7222222222222221,0.4411027967679673,0,0,1,0,0,1,0
1766,0.2490689114178647,0.3333333333333332,0.3919640602846683,1,0,1,0,0,1,0
1767,0.7081443793205111,0.611111111111111,0.1492840134032893,1,1,0,0,0,0,1
1768,0.4174252619139599,0.8888888888888888,0.0,1,0,1,0,0,0,1
1769,0.3060386501623691,0.8888888888888888,0.1649389300572675,1,0,1,0,0,0,1
1770,0.3267163374478777,0.5,0.4073020203076384,1,1,0,0,0,0,1
1771,0.3989909203439697,1.0,0.4632318850180298,1,0,0,1,0,0,1
1772,0.7611618041139487,0.7222222222222221,0.1963894619314401,1,1,0,0,0,0,1
1773,0.8802667323410472,0.5555555555555555,0.4893111996250789,1,1,0,0,0,1,0
1774,0.950627402295012,0.0555555555555555,0.3114970339459159,1,0,1,0,0,1,0
1775,0.7632607685686289,0.9444444444444444,0.0,1,0,1,0,0,1,0
1776,0.2387578400170815,0.3333333333333332,0.0624269574236346,1,0,0,0,1,0,1
1777,0.6533883452512342,0.611111111111111,0.3320176945056638,1,0,1,0,0,0,1
1778,0.3746915763132247,0.0555555555555555,0.0,1,0,0,1,0,0,1
1779,0.1711934910402462,0.9444444444444444,0.3744044332861683,1,0,1,0,0,0,1
1780,0.8232961578801695,0.2777777777777778,0.5479472892882568,1,0,1,0,0,1,0
1781,0.5110202630157923,0.5,0.3420375460826992,1,0,1,0,0,0,1
1782,0.8910319744341472,0.7777777777777777,0.1339015093330003,1,0,0,0,1,0,1
1783,0.4012499108882804,0.5,0.4009522357857449,1,0,1,0,0,0,1
1784,0.5967291156389556,0.1111111111111111,0.0,1,0,0,0,1,1,0
1785,0.6213719766559428,0.2222222222222222,0.0,1,0,1,0,0,0,1
1786,0.8836407649497783,0.3888888888888888,0.3358212668738847,1,0,0,1,0,0,1
1787,0.5961375357391121,0.3888888888888888,0.1890454087253771,1,0,1,0,0,0,1
1788,0.570845407560065,0.3888888888888888,0.4261611304982429,0,0,1,0,0,0,1
1789,0.5110202630157923,0.611111111111111,0.2690907953259847,1,0,0,0,1,0,1
1790,0.4645806983699255,0.3888888888888888,0.3054470080196001,1,1,0,0,0,1,0
1791,0.0549436196699872,0.5555555555555555,0.1290719802275327,1,0,1,0,0,1,0
1792,0.708229692424474,0.5,0.2700075746151308,1,0,1,0,0,1,0
1793,0.4576991452180943,0.3888888888888888,0.296801367533041,0,0,1,0,0,1,0
1794,0.6445925081942268,0.5,0.2689735409088085,1,1,0,0,0,0,1
1795,0.5110202630157923,0.5,0.1880990604041738,0,1,0,0,0,0,1
1796,0.5110202630157923,0.8888888888888888,0.3418118020658668,1,0,0,0,1,0,1
1797,0.6847460468379132,0.1666666666666666,0.0,1,0,0,1,0,1,0
1798,0.5110202630157923,0.6666666666666666,0.0887660120053277,1,0,0,1,0,0,1
1799,0.5110202630157923,0.1666666666666666,0.4154769656596657,0,0,1,0,0,1,0
1800,0.5110202630157923,0.2222222222222222,0.399428265981479,1,1,0,0,0,1,0
