customer_id,time_spent,pages_viewed,basket_value,device_type,customer_type,purchase
1,23.09786701199439,7.0,50.57464745173577,Mobile,Returning,0
2,57.09214407818505,3.0,56.89102241503565,Mobile,Returning,1
3,44.1876425668729,14.0,8.348295776849163,Mobile,Returning,0
4,36.32085056762516,10.0,43.48148909189529,Mobile,New,1
5,10.205099786103755,16.0,,Mobile,Returning,1
6,10.203676699835956,16.0,30.772869522557517,Desktop,Returning,0
7,,10.0,19.488899918256564,Mobile,Returning,0
8,52.10439260072118,13.0,78.23773564384393,Mobile,Returning,1
9,36.465785692849316,,30.66839213605916,Desktop,Returning,1
10,42.776282089966685,12.0,,Tablet,,0
11,,,,Desktop,New,1
12,58.224681277557664,,71.75598418019553,Tablet,Returning,1
13,50.114115807224884,4.0,26.119518043523673,Desktop,Returning,0
14,13.528007530018293,11.0,33.21011930648101,Mobile,Returning,0
15,11.727673065218937,18.0,30.528388387148823,Desktop,Returning,1
16,11.820866081352595,11.0,39.60039915709669,Desktop,Returning,1
17,18.950292334612726,4.0,83.20550546569466,Mobile,New,1
18,31.960629466302034,18.0,46.578224828829306,Mobile,New,1
19,26.48475609988483,,75.18780637001616,Desktop,Returning,0
20,18.182519271684473,7.0,20.935051053597412,Mobile,Returning,1
21,37.09932078862039,6.0,38.48928741257048,Desktop,New,1
22,9.230137778470468,15.0,78.62041447541921,Mobile,New,1
23,18.23653426357787,18.0,25.83183804721222,Desktop,Returning,1
24,22.61534875432781,,80.36409382725591,Desktop,Returning,1
25,27.90812906880512,15.0,31.148477270145854,Mobile,Returning,1
26,47.3253817221878,16.0,40.350124548247415,Mobile,Returning,1
27,12.780753147343225,7.0,100.10487762046775,Desktop,Returning,1
28,31.339831866403085,10.0,36.925430685013055,Tablet,Returning,1
29,35.952459562860504,12.0,54.360374082519044,Tablet,Returning,1
30,,14.0,68.4930926756521,Mobile,Returning,0
31,36.84514626218486,5.0,56.79525949016034,Desktop,Returning,1
32,11.0609232975502,18.0,57.6516004666873,Mobile,Returning,1
33,,5.0,,Mobile,Returning,0
34,56.98424669794666,3.0,10.932823729510318,Mobile,New,1
35,57.972289951399006,5.0,60.44867990299276,Desktop,New,1
36,48.69544353887121,17.0,28.02594628965037,Mobile,New,1
37,18.97221238122887,19.0,73.2730165220953,Mobile,New,1
38,,19.0,91.16184271849056,Desktop,New,1
39,41.369748564217254,12.0,0.0,Desktop,New,1
40,26.968997130636478,9.0,91.21423482281313,Mobile,New,1
41,8.20025585584195,1.0,37.6682662439887,Mobile,Returning,1
42,30.21543769656494,18.0,46.071523334465816,Mobile,Returning,1
43,,4.0,22.628376424628307,Mobile,,0
44,54.64990372264814,10.0,55.6540318719883,Desktop,Returning,1
45,16.268018914400997,7.0,52.00444649532216,Mobile,Returning,0
46,40.08881477688494,1.0,82.30768475878551,Desktop,Returning,1
47,19.390953489275248,,27.758201701092286,Tablet,Returning,1
48,31.68401324949084,2.0,99.82407205813726,Mobile,,1
49,33.2559064812535,11.0,69.9414225892667,Tablet,New,1
50,11.906412876006096,9.0,52.72906930326227,Mobile,Returning,1
51,58.205493038108955,7.0,44.57646908313527,Mobile,New,1
52,46.73283657830576,17.0,40.80291658598449,Mobile,Returning,1
53,56.43043755228716,17.0,42.75968676780486,Mobile,New,1
54,53.79481367523128,2.0,55.05205870806421,Mobile,New,0
55,36.27609874985402,6.0,43.73000117918803,Mobile,New,0
56,55.39057986636389,14.0,,Desktop,New,1
57,,6.0,55.23377884510107,Tablet,Returning,1
58,12.562988882729567,2.0,,Desktop,Returning,1
59,,1.0,59.67400703005241,Mobile,New,0
60,20.194489515032597,10.0,43.307988935577754,Desktop,New,0
61,23.93196009167944,,70.90192727695532,Desktop,New,1
62,17.00959287465986,2.0,79.6722263208643,Tablet,New,0
63,49.89551303996383,16.0,79.66041681034216,Tablet,Returning,0
64,22.04844627492177,2.0,59.54315168157878,Tablet,New,0
65,17.575136071555466,,63.044936623005356,Mobile,Returning,1
66,33.019068906336656,2.0,,Desktop,,1
67,9.314529273510995,16.0,,Mobile,New,1
68,48.32962186448834,16.0,73.7150408198517,Tablet,Returning,1
69,,19.0,2.9801253942641637,Mobile,Returning,1
70,59.22632925943052,7.0,61.35041586821791,Mobile,Returning,1
71,46.56244138850279,12.0,91.04389423126601,Mobile,Returning,1
72,12.724225210516172,15.0,39.31129116185647,Desktop,Returning,1
73,,8.0,32.76359071598362,Mobile,Returning,1
74,49.112224278835214,6.0,37.404096167410415,Mobile,New,1
75,42.70458328700941,10.0,4.853720215126202,Tablet,Returning,1
76,44.011422914418254,3.0,53.77951863346732,,Returning,1
77,46.5049504544708,19.0,50.89896320291754,Mobile,Returning,1
78,,17.0,55.91080498631903,Mobile,Returning,1
79,22.149477984112085,7.0,62.47929863653406,Tablet,Returning,1
80,7.836274511982653,4.0,26.060197934555703,Tablet,New,1
81,51.92310212666002,,58.19597597066131,Desktop,New,1
82,37.77458948282592,,63.295959797471895,Desktop,Returning,1
83,20.5229834663063,8.0,35.34824807548904,Mobile,Returning,1
84,,15.0,62.603539947559184,Tablet,Returning,1
85,19.34795698122407,14.0,52.42119879160224,Desktop,Returning,1
86,20.185815999578075,9.0,,Desktop,Returning,1
87,44.04676452194578,8.0,,Mobile,Returning,1
88,38.61589080995758,17.0,41.27867769940342,Tablet,New,1
89,53.345551812003265,2.0,70.91195822043161,Desktop,Returning,0
90,28.86068058455501,3.0,,,Returning,1
91,8.0560605103598,8.0,11.307032547048202,Desktop,Returning,1
92,43.08144244615671,12.0,58.00960956582953,Desktop,Returning,1
93,45.88631786839695,1.0,56.882097434943034,Desktop,Returning,1
94,34.115354656600275,10.0,17.56588661607016,Desktop,New,1
95,46.4870636173191,3.0,72.51608346305918,Desktop,New,1
96,30.133940185499053,6.0,70.94662508406437,Tablet,Returning,1
97,31.84123693353765,7.0,,Mobile,New,0
98,26.224920083154426,18.0,,Mobile,New,1
99,,11.0,45.73977160911419,Mobile,New,0
100,7.365594192604963,19.0,,Desktop,Returning,1
101,,5.0,69.21191554735033,Desktop,New,1
102,38.54821426456304,19.0,54.4691584798163,Tablet,Returning,1
103,19.547002883503275,11.0,17.193285623352928,Desktop,Returning,1
104,31.005670778717462,12.0,25.3258726145213,Desktop,,0
105,54.54642196163949,10.0,85.63157531499203,Tablet,Returning,1
106,15.708241519783622,8.0,96.06687133746246,Mobile,New,1
107,25.212592459102154,9.0,66.16186928157526,Tablet,Returning,1
108,45.57751717403987,4.0,,Mobile,Returning,1
109,14.499091764005726,5.0,36.8011126278027,Desktop,Returning,1
110,,8.0,66.49098254933016,Desktop,Returning,0
111,18.095335721912313,9.0,52.2776160277846,Desktop,Returning,1
112,10.51205594798626,15.0,1.6978565775687002,Mobile,New,0
113,55.85216148821181,15.0,,Mobile,New,1
114,48.6791023943006,16.0,,Desktop,Returning,1
115,38.37082163411498,14.0,72.11757598829594,Tablet,New,1
116,52.416174821075344,8.0,17.251664161153755,Mobile,New,1
117,48.41665253704775,18.0,30.89520650829981,Tablet,Returning,1
118,12.007633474276114,10.0,0.0,Mobile,New,1
119,53.66098091090869,6.0,,Desktop,New,0
120,32.82119227302339,12.0,39.29784310222916,Desktop,Returning,1
121,48.63896915467969,2.0,119.99867964949348,Desktop,Returning,1
122,53.8693866954861,7.0,108.65690092723335,Tablet,New,1
123,19.76220502333997,16.0,22.897207508931693,,Returning,1
124,7.4930635471329285,3.0,28.7519678179096,Desktop,Returning,0
125,14.44817458997456,13.0,63.98571027041359,Mobile,Returning,1
126,26.199359528949124,3.0,0.0,Mobile,,1
127,49.262871189427095,18.0,36.852226478643146,Mobile,New,1
128,51.78310441212426,11.0,33.855229963798145,Desktop,Returning,1
129,,8.0,105.53497825840125,Mobile,New,1
130,31.13409085207638,6.0,,Mobile,Returning,0
131,25.62724918577796,1.0,41.456990673884114,Mobile,Returning,1
132,14.104360817773085,,31.055458019440966,Mobile,Returning,1
133,8.072056672687285,8.0,76.82148791974382,Mobile,Returning,1
134,20.919295112814048,5.0,35.098675282087754,Tablet,Returning,1
135,56.63167253083863,16.0,48.491510769125,,New,1
136,20.06897298922456,11.0,,Desktop,New,1
137,31.6086466828586,,4.473886039538172,Desktop,Returning,1
138,42.47811857481549,4.0,20.118946168920086,Mobile,New,1
139,22.454146540378346,6.0,34.940848779059195,Tablet,Returning,1
140,58.33514288053668,14.0,42.10235509209113,Mobile,Returning,1
141,57.78439040158456,19.0,43.41728222229479,Mobile,Returning,1
142,15.855155453696485,9.0,,Desktop,Returning,1
143,30.337661847650743,12.0,,Mobile,Returning,1
144,18.75182027918941,11.0,90.47379044505219,Desktop,New,1
145,17.80558916827059,14.0,78.43952359570946,Mobile,Returning,1
146,,16.0,45.94672198427485,Desktop,,0
147,36.964295704813914,1.0,,Mobile,Returning,1
148,30.65806237050283,13.0,38.83735275641135,Mobile,New,1
149,,13.0,0.0,Desktop,Returning,0
150,17.440141389960075,2.0,50.614790387780744,Mobile,New,0
151,54.58768727203257,4.0,,Mobile,New,1
152,15.134151549351373,6.0,,Mobile,Returning,0
153,9.548797453382162,5.0,64.98233207583809,Desktop,Returning,0
154,29.877712856376217,3.0,41.582699661655724,Desktop,New,0
155,59.15337679252544,1.0,60.138011619039865,Mobile,New,1
156,15.281261019178524,4.0,,,Returning,1
157,40.655997296946836,2.0,87.52863422680548,Tablet,Returning,1
158,45.93555730439434,5.0,56.7868646175226,Desktop,New,1
159,15.02061509555158,3.0,80.07249376016021,Desktop,Returning,0
160,43.96476456809972,9.0,82.54178426524835,Mobile,New,1
161,22.69920483043594,6.0,16.413328217347683,Desktop,Returning,1
162,38.30604400502119,18.0,,Mobile,New,1
163,38.378252934892785,6.0,63.548320481787684,Mobile,Returning,1
164,32.610706360410745,19.0,39.03388148725483,Tablet,New,1
165,,12.0,42.841796922311126,Desktop,Returning,1
166,50.28284723976504,11.0,88.59694466511829,Mobile,New,0
167,19.926023833332415,2.0,40.689008654237895,Mobile,New,1
168,12.0045921135914,15.0,,Desktop,New,1
169,,12.0,24.98599995093216,Mobile,Returning,1
170,35.86268364810627,12.0,,Mobile,Returning,1
171,40.976297348694665,9.0,44.65341558844289,Mobile,Returning,0
172,,,9.072567343462687,Mobile,Returning,1
173,31.213490439657576,3.0,0.0,Desktop,Returning,1
174,14.363250736678339,12.0,31.260900719776593,Mobile,Returning,1
175,39.06519463415754,16.0,44.104336417178494,Desktop,New,1
176,11.287619311294495,1.0,78.47521119283017,Mobile,Returning,0
177,41.76532654804549,3.0,75.57035499385302,Desktop,New,1
178,23.817385431731708,2.0,49.80960736781495,Tablet,Returning,1
179,56.26706933546733,9.0,36.37494241521233,Desktop,,1
180,9.113735704613601,19.0,60.1880556026507,Tablet,Returning,1
181,21.12291471196525,15.0,0.0,Tablet,,1
182,7.694937753194755,18.0,109.43242681787652,Mobile,Returning,1
183,55.5569234784352,,69.62316787569833,Desktop,Returning,1
184,52.76302184947788,16.0,76.00970659184817,Tablet,New,1
185,16.218556035194183,17.0,,,New,1
186,39.93905871601656,5.0,88.47945923889787,Mobile,Returning,1
187,49.21610981187173,12.0,,Tablet,Returning,1
188,33.75684788436828,11.0,21.4232563154431,Desktop,New,1
189,32.24938412300438,15.0,48.82482888181341,Mobile,New,1
190,15.26928516312665,3.0,48.12334742034878,Mobile,New,0
191,,1.0,17.643887824640096,Desktop,New,0
192,53.935729719246275,16.0,23.151879393759042,Desktop,Returning,1
193,54.1246653726365,2.0,20.803046740158496,Desktop,Returning,1
194,38.352985979122806,2.0,21.08854796429526,Desktop,Returning,0
195,21.00275767187334,3.0,38.35706278701199,Desktop,Returning,1
196,21.603364902146993,8.0,8.330445914826264,Desktop,Returning,1
197,43.83138505334412,15.0,,Desktop,New,0
198,53.92950533720205,7.0,81.35403645152807,Desktop,New,1
199,53.33809903164192,6.0,74.6992835631255,Desktop,Returning,1
200,47.01265720559981,9.0,18.503622773217362,Mobile,New,1
201,38.879867123102976,1.0,78.746147518827,Mobile,Returning,1
202,,8.0,0.0,Tablet,New,1
203,10.536094131582212,3.0,,Mobile,New,1
204,54.014697123097676,,89.00939576406776,Mobile,New,1
205,36.77931451991581,15.0,,Mobile,Returning,1
206,,6.0,61.47279685205331,Tablet,New,0
207,6.9868210290958945,15.0,7.97242015672613,Mobile,Returning,1
208,40.14660437737529,3.0,51.8132836977744,Mobile,New,1
209,,14.0,,Mobile,Returning,1
210,10.48767503363242,14.0,,Desktop,Returning,0
211,33.37529357262858,4.0,,Mobile,Returning,1
212,41.8218166638689,12.0,32.990375725717186,Mobile,Returning,1
213,39.46571431065343,,16.047898420470943,Mobile,,1
214,14.231889258173027,7.0,24.255582623100107,Tablet,New,1
215,43.018574059504616,9.0,6.744667220008623,Mobile,Returning,1
216,14.997696162311204,3.0,75.71992296681853,Mobile,New,1
217,20.198582191396795,13.0,,Desktop,New,1
218,45.04299290196342,15.0,13.339373852895378,Tablet,Returning,1
219,39.32834104378566,18.0,75.2451403944799,Desktop,Returning,1
220,51.1041812191565,19.0,61.0886106301799,Tablet,Returning,1
221,39.79916064572026,1.0,74.13503167846878,Tablet,Returning,1
222,34.53020759679283,6.0,77.48249672589964,Mobile,Returning,1
223,,2.0,108.12364690815272,Desktop,Returning,0
224,22.695232380506578,14.0,45.31880699920447,Mobile,Returning,1
225,16.646939693221803,,6.271769630134777,Desktop,New,0
226,15.395388959365931,14.0,58.13113402286376,Mobile,New,1
227,58.40762273039429,4.0,29.92986131360548,Mobile,Returning,1
228,24.192765755338865,8.0,21.27484150053378,Tablet,Returning,1
229,53.630746755449685,3.0,52.99775516651722,Mobile,Returning,1
230,38.23717893383851,19.0,75.9725819902877,Tablet,Returning,1
231,47.89386690895726,14.0,24.9201547521115,Mobile,Returning,1
232,30.655588493206334,,88.23164261995156,Mobile,New,1
233,35.037329192955184,8.0,20.31158122991552,Tablet,New,1
234,30.05854393531297,14.0,42.682903360236104,Desktop,Returning,1
235,12.519336280084625,6.0,,Desktop,Returning,1
236,43.624674800428814,16.0,38.36302373947825,Mobile,New,1
237,17.56556938401049,19.0,,Desktop,New,1
238,,14.0,77.82222475366416,Desktop,New,0
239,39.0828654585229,,31.296069789319183,Desktop,Returning,1
240,11.449530085015887,3.0,72.34695348181079,Mobile,Returning,0
241,56.48705647682194,10.0,12.07567594917014,Tablet,Returning,1
242,57.28178604315266,,17.196902537107647,Desktop,New,1
243,54.976999023006464,9.0,75.87300228666071,Tablet,,1
244,22.839363315071218,13.0,60.2152427822607,Desktop,Returning,0
245,,7.0,36.8424286794597,Desktop,Returning,1
246,55.7707951926758,14.0,60.650947945125125,Mobile,New,1
247,26.262864750721544,,21.37882593366926,Mobile,Returning,0
248,58.0326343235765,19.0,,Tablet,Returning,1
249,57.853578648265916,15.0,53.856617701701964,Mobile,New,1
250,51.327557872574246,14.0,38.78655184426914,Mobile,New,1
251,18.372484632105557,6.0,24.941428832277246,Mobile,Returning,1
252,23.72076598751359,4.0,,Mobile,Returning,1
253,51.21706361949456,8.0,48.35056570097306,Tablet,,1
254,19.698398304220383,17.0,36.02533763241173,,New,1
255,11.000072054479457,9.0,18.985565894577498,Mobile,New,1
256,33.85127448504266,1.0,50.37431148006402,Mobile,Returning,0
257,56.23313167548608,14.0,36.10032905490183,Desktop,Returning,1
258,42.065758003823404,11.0,18.960271386892,Desktop,Returning,1
259,34.633609035272535,3.0,51.305894322743335,Tablet,Returning,0
260,,9.0,98.24916416166158,Desktop,New,1
261,37.285426375251014,14.0,,Mobile,Returning,1
262,59.413177156151534,9.0,94.93329623726069,Desktop,Returning,1
263,9.264956898954917,4.0,113.42995144190286,Tablet,New,1
264,31.581449489460468,4.0,21.397432928669748,Desktop,,1
265,52.76501124374937,8.0,50.27132624596893,Desktop,Returning,1
266,44.70534844749806,2.0,113.11195753448928,Mobile,,1
267,42.12392871872081,9.0,46.36760115772868,Desktop,New,1
268,42.44656095523945,14.0,,Desktop,Returning,1
269,22.209977921965553,9.0,0.0,Mobile,Returning,1
270,18.32191881160511,16.0,34.05014299040997,Mobile,New,1
271,48.7523081732323,17.0,66.66766054006811,Mobile,New,1
272,48.796690286071666,16.0,122.8784792885375,Mobile,New,1
273,52.15726679622612,12.0,44.11979499584929,Mobile,Returning,1
274,54.88119260083181,3.0,0.12121033245935564,Mobile,Returning,1
275,31.16920153279533,11.0,7.842524276800731,Desktop,New,1
276,30.589461386544777,14.0,48.926309421851094,Mobile,New,1
277,48.099415559039734,18.0,85.31620394156747,Mobile,New,1
278,39.34787191588814,5.0,69.12061048626185,Tablet,Returning,1
279,42.4160457582045,16.0,,Desktop,Returning,1
280,47.951767496729964,,89.2743316075279,Desktop,,1
281,53.51031516723641,3.0,28.393127374431458,Mobile,Returning,0
282,20.941714254240612,12.0,50.57284159872696,Desktop,Returning,1
283,23.159394205756698,1.0,34.388536393928135,Mobile,New,0
284,,,,Tablet,New,1
285,35.11852831877427,9.0,19.81191937023545,Mobile,Returning,1
286,,4.0,39.68071785698612,Desktop,New,1
287,28.47028306981515,3.0,49.16853301263803,Mobile,New,1
288,33.01603344774702,17.0,38.85585500415349,Desktop,,1
289,17.90593387556878,2.0,45.168154909585944,Desktop,Returning,1
290,35.859162373571635,1.0,62.15121630311559,Mobile,New,1
291,,8.0,87.16087307193197,Mobile,New,1
292,,13.0,,Desktop,New,1
293,49.533433078919835,15.0,72.84265302190977,Tablet,Returning,1
294,22.25124784326451,8.0,12.200555646850525,Tablet,New,1
295,8.496570246461202,,39.18770043290439,Mobile,New,1
296,31.812352343233457,,41.771449078621956,Mobile,Returning,0
297,46.42961963281804,14.0,,Tablet,New,1
298,13.733440622313747,,60.2705353708882,Desktop,New,1
299,37.75053807332102,15.0,2.1701452015562666,Desktop,,1
300,,9.0,100.80699408584874,Tablet,New,0
301,,19.0,,Tablet,New,1
302,32.34992326252073,8.0,64.34606785705273,Desktop,New,1
303,32.89747217499628,19.0,48.13672010239446,Mobile,Returning,1
304,38.608364188394184,6.0,86.8651788521766,Mobile,New,1
305,43.83938868963703,19.0,70.68214810340801,Desktop,,1
306,58.575272688289544,4.0,,Mobile,Returning,1
307,31.461720549770522,7.0,48.228437532204794,Mobile,Returning,0
308,20.054431903533512,4.0,103.67939257592502,Mobile,New,1
309,47.91598549135352,12.0,85.00663627069568,Mobile,New,1
310,16.97910282446238,13.0,65.28608886307794,Desktop,Returning,1
311,26.899313821632532,3.0,87.67918761293464,Desktop,Returning,1
312,,12.0,37.425141744980834,Mobile,Returning,1
313,,2.0,,Mobile,,1
314,57.79625646599758,2.0,59.646515391424266,Tablet,Returning,1
315,50.322827110220146,9.0,48.28728662559593,Mobile,New,1
316,42.06247815952818,1.0,44.068479731671125,Desktop,New,1
317,25.128223720441923,8.0,86.48936118048209,Tablet,Returning,1
318,11.2243648841799,6.0,,Mobile,New,1
319,10.229785517594078,6.0,57.907072206064534,Desktop,Returning,1
320,15.764330991711125,18.0,40.188423237377116,,Returning,0
321,33.40437321766111,17.0,76.43369417838578,Mobile,Returning,1
322,43.16115943930368,12.0,71.05627343923759,Desktop,Returning,1
323,39.951645226346145,6.0,76.20979030682881,Mobile,Returning,0
324,17.516099919810628,8.0,35.08208100091464,Mobile,Returning,1
325,57.337051559128454,19.0,89.12265380140985,Tablet,New,1
326,44.53591808505034,10.0,105.16305271299119,Tablet,Returning,1
327,33.70688909817264,1.0,,Desktop,New,1
328,37.09152402782678,,25.721351382671273,Mobile,New,1
329,25.756403683239604,17.0,,Mobile,New,0
330,15.61612838056829,,38.73869133220737,Desktop,Returning,1
331,22.002388040424435,8.0,33.06868357944437,,Returning,0
332,45.71292051739778,,,Desktop,Returning,1
333,,3.0,68.97327399103543,Desktop,New,0
334,7.848285789908058,16.0,58.698573222495455,Desktop,Returning,1
335,,13.0,56.06867169158866,Desktop,Returning,1
336,,17.0,,Mobile,Returning,0
337,51.47217445664943,13.0,47.78462218506352,Mobile,Returning,0
338,42.515813703421394,6.0,73.89726522587004,Mobile,New,1
339,28.976255916152187,17.0,0.0,Desktop,Returning,1
340,,14.0,49.658287745638056,Desktop,Returning,1
341,30.00533663189311,17.0,58.63962784781975,Desktop,Returning,1
342,28.934834476053375,,,Desktop,Returning,1
343,11.218910324690896,11.0,19.69862182148527,Tablet,Returning,1
344,26.59724730504041,1.0,18.112709526406437,Mobile,Returning,1
345,24.511779329445034,7.0,67.518649846344,Mobile,New,1
346,37.33515578508077,17.0,0.0,Mobile,New,1
347,38.47052540119098,10.0,89.96567332282356,Desktop,Returning,1
348,,11.0,56.797759744784315,Mobile,,1
349,23.1021442629618,9.0,96.7616363853031,Tablet,New,1
350,37.92573502713994,,17.38782870291461,Desktop,Returning,1
351,30.685039256225174,5.0,36.90921593845279,,Returning,1
352,51.532900630111016,17.0,0.0,Tablet,,1
353,39.862924265517755,9.0,26.129307110141717,,Returning,0
354,10.613131197804352,17.0,44.48459357834362,Mobile,Returning,1
355,,19.0,0.0,Desktop,Returning,0
356,38.90273741417262,7.0,38.16119563404802,Mobile,Returning,1
357,,9.0,0.0,Mobile,Returning,0
358,35.56075929513433,,42.27619445265724,Desktop,New,1
359,56.4735842440725,13.0,84.4133578132471,Mobile,New,1
360,34.95297649467686,11.0,48.95060749657632,Desktop,Returning,1
361,23.902025646184793,,,Desktop,Returning,1
362,38.95400488809884,19.0,73.58877690183829,Mobile,Returning,1
363,28.036920538999482,11.0,90.44443545820914,Mobile,Returning,1
364,33.19139056964016,13.0,27.05164277365149,Mobile,New,1
365,56.54642371781498,14.0,26.325751148221933,Desktop,Returning,1
366,23.78005563024568,,60.368402491561056,Mobile,Returning,1
367,57.71024326561094,1.0,,Tablet,Returning,0
368,54.41568787540776,8.0,64.1343124928627,Mobile,Returning,1
369,12.55167695256849,12.0,40.282405503592116,Mobile,Returning,1
370,,19.0,89.89990512639972,Mobile,Returning,1
371,6.945902081268173,12.0,70.38536762238232,Mobile,Returning,0
372,,8.0,82.9011929102038,Mobile,New,1
373,,8.0,,Desktop,Returning,0
374,41.29739963156506,13.0,81.44630806285184,Desktop,Returning,1
375,,12.0,93.34137483092849,Mobile,Returning,1
376,19.81956218733192,16.0,48.83858529858978,,New,1
377,50.84764334719782,1.0,27.819481419005356,Desktop,Returning,1
378,,13.0,28.346383962967717,Desktop,Returning,0
379,49.05364047274721,7.0,,Mobile,Returning,1
380,17.629431711630595,5.0,130.53037227269934,Tablet,New,1
381,7.971724829677719,8.0,,Mobile,Returning,1
382,42.10749275648489,14.0,,Desktop,Returning,1
383,38.107627960013154,13.0,77.64242542023436,,Returning,1
384,52.770848798096125,15.0,27.382594119000665,Mobile,New,1
385,44.36919158442926,17.0,80.55066152684809,Tablet,New,1
386,48.405374892706064,15.0,63.960385205799376,Mobile,Returning,1
387,17.64003978170708,18.0,49.280680925061084,Desktop,New,1
388,11.468933083003646,18.0,,Mobile,New,1
389,45.28627034681064,2.0,,Desktop,New,1
390,48.60324961676858,4.0,,Tablet,Returning,1
391,59.43980337803973,1.0,0.0,Mobile,Returning,1
392,25.34444293777416,4.0,55.35952185767105,Tablet,New,1
393,22.94906706177421,18.0,97.19181098192493,Desktop,New,1
394,46.80836468377781,5.0,,Desktop,Returning,1
395,21.10740887492805,19.0,21.02644939583166,Desktop,Returning,1
396,55.914682210610316,15.0,62.804809242980326,Tablet,New,1
397,51.646352358737694,8.0,51.15775588196842,Mobile,New,0
398,26.310647615126083,,,Mobile,Returning,1
399,45.30139299969834,1.0,29.020453765170142,Tablet,Returning,1
400,45.518029570996255,12.0,,Desktop,Returning,1
401,7.0843082613200234,19.0,,Mobile,Returning,1
402,54.25062149409443,,70.9095656702917,Desktop,New,1
403,30.809889974423573,9.0,59.60832232913288,Desktop,Returning,1
404,49.760990500356755,7.0,55.26484903882977,Mobile,Returning,1
405,19.882926460806093,2.0,68.8050097108439,Mobile,Returning,1
406,53.835870481275826,9.0,55.594638619008514,Desktop,New,1
407,23.962899045315623,10.0,14.294029157134645,Mobile,,1
408,,2.0,,Desktop,Returning,0
409,54.417536608736555,19.0,74.54381858744551,Tablet,New,1
410,,11.0,0.0,Mobile,Returning,1
411,19.83950461783448,13.0,,,New,1
412,57.05365605599749,10.0,,Mobile,New,1
413,57.08582166931581,14.0,0.0,Mobile,New,1
414,34.83283539927388,,78.30700645702234,Desktop,New,1
415,38.27839551801816,19.0,45.76332393037248,Mobile,New,1
416,27.458285796720865,9.0,90.20847711001973,Desktop,,1
417,18.299435530185807,7.0,49.965596327736094,Mobile,Returning,1
418,20.391208176825042,,,Mobile,Returning,1
419,40.678588908545265,,59.242569822774215,Mobile,New,1
420,45.390097236823124,2.0,49.08843531470041,Mobile,Returning,1
421,47.703163579825066,6.0,,Mobile,Returning,1
422,47.58747042487868,,116.55030449034159,Mobile,Returning,1
423,,16.0,20.86705455247056,Tablet,Returning,1
424,30.170797977452306,8.0,0.0,Desktop,,0
425,,2.0,97.45096904364478,Mobile,Returning,1
426,33.422204057100394,17.0,32.49309583052221,Mobile,Returning,1
427,27.050299581029243,9.0,41.09680217102913,Mobile,New,1
428,53.374546782739685,12.0,,Mobile,Returning,1
429,21.70398574057264,3.0,32.91045697525022,Mobile,Returning,1
430,7.906953969228746,11.0,27.014225862096623,Mobile,Returning,0
431,9.436509241117315,1.0,20.095480925091067,Mobile,Returning,1
432,45.92912727133086,13.0,51.94279285113697,Mobile,Returning,1
433,37.4748657356594,15.0,37.94037326973095,Mobile,Returning,1
434,6.966237891244624,5.0,71.9108657100184,Mobile,New,1
435,,17.0,,Desktop,New,0
436,42.35717875608808,6.0,22.17463419423787,Mobile,New,1
437,,11.0,53.255638282170686,Mobile,Returning,1
438,49.48974349813102,18.0,37.4648502763594,Desktop,,0
439,42.66829140223328,4.0,20.250186720990033,Tablet,Returning,1
440,,3.0,70.68294711545397,Tablet,Returning,1
441,,13.0,46.36024162074906,Desktop,Returning,0
442,59.21173513156935,9.0,37.77349939488563,,Returning,1
443,23.0819769496111,6.0,24.332982907301623,Desktop,Returning,0
444,22.867886676946565,12.0,19.16189716779983,,Returning,1
445,48.95517446819265,2.0,109.66304071743639,Mobile,Returning,1
446,56.887666065647664,3.0,60.0235594888999,Desktop,New,1
447,59.17406276554938,3.0,17.2661288839155,Tablet,Returning,0
448,45.44931293027756,12.0,58.635976949684384,Mobile,Returning,1
449,23.19931554632403,,81.86048530386613,Mobile,New,1
450,,9.0,55.025528375901274,Mobile,Returning,1
451,46.85166803971877,8.0,91.22064026399373,Mobile,Returning,1
452,33.945850734412495,11.0,3.7156057379009866,Mobile,Returning,0
453,26.0290985455716,16.0,0.0,Desktop,New,0
454,54.474908720589426,4.0,57.8155226556126,Desktop,Returning,1
455,7.560651456062929,1.0,58.29488430121649,Mobile,Returning,0
456,30.06488115316069,7.0,,Tablet,New,1
457,,2.0,31.292717263939544,Mobile,Returning,0
458,28.65097787765345,5.0,,Mobile,New,1
459,,7.0,8.241612778905306,,New,0
460,8.010257059816244,4.0,19.668747061705673,Desktop,New,1
461,7.934048559849188,5.0,67.87363404798079,Desktop,New,0
462,39.30340782484775,1.0,19.47784936130875,Tablet,Returning,1
463,45.016647876659974,1.0,20.506335962544753,Desktop,New,1
464,35.41875714073242,15.0,,Tablet,Returning,1
465,57.76818035999797,19.0,88.06728927547478,Mobile,Returning,1
466,23.117364191898538,10.0,63.03897096411903,Desktop,Returning,1
467,17.857013090629785,18.0,,Tablet,Returning,1
468,52.24734856317816,,20.532797623304408,Desktop,Returning,1
469,14.192154472647706,11.0,65.85553653184778,Mobile,Returning,1
470,57.83012982699607,15.0,88.4417764694851,Desktop,,1
471,,11.0,75.2251627809997,Desktop,Returning,0
472,58.2228507757507,17.0,39.329512692263435,Mobile,Returning,1
473,,17.0,0.0,Tablet,New,0
474,53.577443708186195,6.0,76.10746981733931,Mobile,New,1
475,32.13436543609169,5.0,41.09309446038487,Mobile,New,1
476,59.58492297103872,8.0,52.0658604384521,Tablet,Returning,1
477,,2.0,44.67738685374509,Mobile,Returning,1
478,33.67740277967793,16.0,9.334115012711962,Mobile,Returning,1
479,58.18884960152684,12.0,60.92750636668967,Desktop,New,1
480,31.86277280603878,6.0,56.7937709334034,Desktop,Returning,0
481,38.13451964998049,1.0,37.226334712556046,Mobile,,0
482,42.049172650092416,4.0,64.13317399587461,Tablet,New,1
483,27.81792282129862,17.0,8.78001357730082,Desktop,Returning,1
484,38.025926724959746,13.0,41.929916723506736,,New,1
485,35.474544403462914,18.0,50.783824188073666,Desktop,New,1
486,54.16832261896835,5.0,0.0,Desktop,New,0
487,,3.0,,Mobile,Returning,1
488,17.57682818594159,11.0,72.00935440043888,Mobile,Returning,0
489,57.07427756051697,13.0,40.90307227871397,Desktop,Returning,1
490,53.525563249564065,4.0,48.97655292456967,Tablet,Returning,1
491,27.883748414357065,14.0,66.870321177025,Mobile,New,1
492,37.58782327029067,11.0,38.36599673401182,Desktop,Returning,0
493,17.365489795886827,10.0,41.06607801367133,Tablet,Returning,1
494,12.099148423701918,19.0,14.698894564025984,Mobile,New,1
495,28.358205891458947,18.0,49.55189668037704,Mobile,New,1
496,21.847781453537117,6.0,39.954545491856585,Mobile,New,1
497,35.43571059920145,15.0,64.97269385159967,Desktop,Returning,1
498,,10.0,,,New,1
499,58.48929365230382,5.0,73.73627117038643,Mobile,Returning,1
500,59.18643392429657,5.0,34.752189473146075,Desktop,New,1
